id,1,2,3,4,5,6,7,8,9,10,11,12,13,14,15,16,17,18,19,20,21,103,105,22,23,24,25,26,27,28,29,30,31,32,33,34,35,36,37,38,39,40,41,42,106,43,44,45,46,47,48,49,50,51,52,107,53,54,55,56,57,58,59,60,61,62,63,64,65,112,66,67,68,69,70,71,72,73,74,75,76,77,78,79,80,81,82,109,110,83,84,85,86,87,88,108,89,90,91,92,93,94,95,96,97,98,99,100,101,102,104
1,0,4.845,2.404,5.115,2.974,5.948,1.322,3.786,5.122,3.786,3.096,2.639,3.02,1.675,4.623,3.387,2.967,0.978,1.117,2.985,2.01,5.988,4.714,6.374,6.385,4.532,2.639,2.596,4.568,4.132,2.867,2.461,3.786,2.487,3.487,0.863,0.792,4.092,2.487,2.791,2.639,1.751,2.093,1.727,3.786,3.447,3.211,2.015,0.67,2.767,2.015,2.867,2.779,2.578,2.411,5.013,1.948,0.146,0.146,0.122,0.122,1.391,1.515,0.4,0.801,1.489,0.122,3.131,3.04,2.776,2.665,1.715,2.933,2.015,1.768,2.933,1.744,2.015,7.688,4.252,3.169,4.197,5.532,3.853,6.065,6.429,6.964,4.696,3.157,2.836,4.681,4.605,2.148,3.242,2.417,2.836,3.829,3.968,3.553,2.298,4.963,4.35,8.929,7.604,1.939,5.608,2.761,3.222,7.666,3.19,4.171
2,4.845,0,2.587,4.035,3.071,3.311,0.193,3.495,3.997,3.495,3.087,2.348,2.843,1.742,4.758,0.847,1.889,0.873,1.121,3.218,1.927,4.932,3.684,4.816,3.888,4.321,2.499,2.45,4.714,3.218,1.678,2.781,3.859,2.682,3.435,0.78,1.035,2.887,2.682,2.925,2.348,1.742,2.228,0.437,3.859,2.221,1.838,0.777,0.7,1.584,1.923,2.721,1.45,1.45,1.215,3.786,0.815,0,0.146,0,0,0.357,0.146,0.384,0.888,0.495,0.305,0.874,0.801,1.568,1.729,0.728,1.865,1.02,1.754,1.865,0.728,1.02,5.209,1.681,3.145,2.828,1.718,1.337,4.929,4.033,4.652,4.769,3.218,2.843,3.505,3.549,0.891,2.901,2.167,2.843,3.859,4.096,3.655,2.417,3.853,4.539,5.253,5.18,0.579,4.06,1.681,2.202,5.253,1.705,3.183
3,2.404,2.587,0,2.013,2.064,1.886,0.362,0.99,2.551,0.99,0.981,0.99,0.828,0.866,2.441,0.739,0.838,0.376,0.491,1.294,0.376,2.441,1.294,2.429,2.612,2.136,0.662,1.931,2.441,1.294,0.514,1.441,2.441,0.917,2.265,0.376,0.866,1.66,0.917,0.917,0.99,0.815,1.096,0.605,1.294,2.423,2.103,0.803,0.739,1.939,0.803,0.828,0.785,1.121,0.854,1.855,0.487,0.244,0.365,0.204,0.204,0.597,0.448,0.54,0.548,0.767,0.459,0.914,0.914,0.905,0.743,0.767,0.51,1.006,0.347,0.51,0.816,1.006,2.806,0.662,2.268,0.662,1.131,0.497,2.389,2.88,2.609,2.243,0.917,1.514,1.535,1.096,0.376,0.968,0.966,1.514,2.733,2.064,1.441,0.693,1.962,2.441,2.928,2.928,0.841,2.135,0.917,1.725,2.88,1.029,1.401
4,5.115,4.035,2.013,0,2.472,2.879,1.239,2.791,4.212,2.791,2.497,1.645,2.349,1.233,4.005,1.539,1.261,0.616,0.801,2.621,1.725,5.298,2.889,5.085,4.084,3.731,2.095,2.044,4.06,3.767,2.594,2.182,3.035,2.247,2.89,0.578,0.693,3.035,2.247,2.349,1.645,1.218,1.553,1.347,3.035,2.866,2.61,1.544,0.347,2.44,1.544,2.298,2.166,2.044,2.033,4.06,1.78,0,0.097,0,0,1.342,1.147,0.161,0.682,1.39,0.204,1.512,1.482,2.319,2.537,1.451,2.701,1.707,1.517,2.701,1.451,1.707,4.212,1.147,2.472,2.293,2.171,0.892,4.054,4.182,4.993,4.023,2.594,1.888,3.901,3.993,1.817,2.339,1.646,1.888,2.889,3.567,2.913,2.071,4.582,3.914,5.359,5.328,1.412,4.561,1.223,1.762,5.359,2.242,4.133
5,2.974,3.071,2.064,2.472,0,2.956,0.116,1.766,3.279,1.766,1.457,1.766,1.254,1.325,3.011,0.52,1.462,0.655,0.863,1.535,0.578,3.157,1.925,2.913,3.096,3.792,0.999,2.044,4.121,2.682,0.3,2.243,4.364,2.298,2.997,1.725,1.881,3.218,1.152,1.356,1.766,1.325,1.705,1.347,2.071,2.89,2.61,1.544,1.514,2.476,1.544,2.298,1.019,2.074,2.064,2.974,0.682,0,0.122,0,0,0.244,0,1.376,0.743,0.305,0.255,0.548,0.487,1.213,1.451,2.72,0.448,1.748,1.54,0.448,1.573,1.748,5.572,2.421,3.771,1.274,2.298,2.166,4.267,4.364,3.999,4.206,2.747,3.218,2.816,2.998,0.67,2.39,1.748,4.364,3.071,3.669,2.974,2.11,3.465,3.975,5.572,4.364,0.265,3.516,1.274,1.951,5.572,1.172,3.037
6,5.948,3.311,1.886,2.879,2.956,0,0.401,2.091,2.246,2.091,1.837,0.944,1.799,0.586,3.119,2.041,1.832,0.347,0.393,1.762,1.436,3.192,3.164,3.557,3.566,4.22,1.672,1.717,4.201,2.909,1.436,2.835,3.237,2.742,4.385,1.436,1.412,1.383,1.595,1.748,0.944,0.624,0.746,0.578,2.091,3.286,3.207,1.651,1.585,3.146,2.798,2.869,0.632,1.84,1.937,3.81,0.707,0.487,0.487,0.408,0.408,0.597,0.675,1.795,0.707,0.707,0.408,2.182,2.136,0.912,2.805,1.798,1.575,1.651,2.663,1.575,1.896,1.651,7.308,4.187,3.272,2.994,4.712,4.044,5.644,4.969,5.845,4.305,3.017,1.163,3.56,3.113,0.335,2.222,3.277,2.31,2.31,4.026,3.201,2.679,3.95,4.128,7.479,6.213,0.846,4.571,1.733,2.68,6.161,1.113,3.685
7,1.322,0.193,0.362,1.239,0.116,0.401,0,0,1.326,0,0.069,0,0,0.092,0.138,2.694,0.111,0,0.052,0.138,0,1.285,0.138,1.257,1.34,0,0,0.046,0.138,1.285,1.199,0.193,0.138,0.116,0.493,0,0.092,1.533,0.116,0.116,0,0.069,0.138,1.467,0.138,1.708,1.653,1.262,0.162,1.828,0.116,0,1.193,1.332,1.601,1.791,2.864,1.607,1.662,1.532,1.532,2.906,2.771,1.671,1.745,2.975,1.647,3.03,3.03,2.771,1.561,1.607,1.355,1.355,0.14,1.355,1.699,1.355,0.497,0,0.316,0,1.57,0,0.193,1.672,1.644,0.138,0.116,0.221,1.672,1.285,2.293,0.3,0.424,0.221,0.249,0.116,0.193,0.087,1.216,0.138,2.91,1.764,2.794,1.393,0.116,0.083,1.672,2.617,1.262
8,3.786,3.495,0.99,2.791,1.766,2.091,0,0,3.786,4.86,4.197,3.713,4.136,2.791,4.568,0.7,2.876,2.102,2.24,4.132,2.01,4.787,4.641,3.713,2.566,3.349,2.609,1.34,3.422,2.985,1.596,2.33,3.713,2.487,1.923,0.863,0.792,3.713,2.487,3.877,3.713,2.852,3.185,0.299,4.86,0.71,0.473,0.594,0.396,0,1.741,2.867,1.523,1.157,1.142,3.422,0.655,0,0,0,0,0,0,0.091,0.655,0,0,0.291,0.218,1.508,1.147,0.146,1.512,0.594,1.561,1.512,0.146,0.594,3.786,1.827,1.766,2.974,1.645,1.447,3.549,3.713,4.332,3.476,3.096,2.566,3.185,3.404,1.001,4.121,1.984,2.566,2.348,2.791,3.422,2.298,3.816,4.35,4.932,4.86,0.396,4.06,1.523,0.837,4.932,2.852,3.024
9,5.122,3.997,2.551,4.212,3.279,2.246,1.326,3.786,0,3.786,3.279,3.786,3.02,3.065,4.987,2.033,3.258,2.125,2.401,3.349,0.863,6.352,3.931,5.063,5.282,3.385,1.492,2.542,3.786,3.349,1.658,1.613,5.296,1.645,2.289,0.863,1.035,5.427,1.645,3.096,3.786,3.081,3.604,1.55,4.15,3.313,2.93,1.878,0.655,2.676,0.731,1.721,2.724,2.624,2.471,3.95,2.093,0,0.146,0,0,1.487,1.256,0.379,1.019,1.609,0.305,2.039,1.948,2.898,1.675,1.857,1.893,2.121,0.656,1.893,1.857,2.121,4.339,1.903,3.333,1.903,3.004,1.523,4.07,6.574,5.995,3.913,2.315,3.101,3.68,3.822,2.148,3.087,1.035,3.101,4.062,3.126,2.705,1.381,5.146,4.714,6.665,6.574,1.68,5.377,1.827,2.293,6.665,4.154,4.476
10,3.786,3.495,0.99,2.791,1.766,2.091,0,4.86,3.786,0,4.197,3.713,4.136,2.791,4.568,0.7,2.876,2.102,2.24,4.132,2.01,4.787,4.641,3.713,2.566,3.349,2.609,1.34,3.422,2.985,1.596,2.33,3.713,2.487,1.923,0.863,0.792,3.713,2.487,3.877,3.713,2.852,3.185,0.299,4.86,0.71,0.473,0.594,0.396,0,1.741,2.867,1.523,1.157,1.142,3.422,0.655,0,0,0,0,0,0,0.091,0.655,0,0,0.291,0.218,1.508,1.147,0.146,1.512,0.594,1.561,1.512,0.146,0.594,3.786,1.827,1.766,2.974,1.645,1.447,3.549,3.713,4.332,3.476,3.096,2.566,3.185,3.404,1.001,4.121,1.984,2.566,2.348,2.791,3.422,2.298,3.816,4.35,4.932,4.86,0.396,4.06,1.523,0.837,4.932,2.852,3.024
11,3.096,3.087,0.981,2.497,1.457,1.837,0.069,4.197,3.279,4.197,0,3.05,3.687,2.497,4.188,0.522,2.554,1.857,2.019,3.904,1.8,4.334,4.233,3.05,2.013,2.813,2.253,1.029,3.05,2.758,1.522,2.319,3.233,2.329,1.85,0.653,0.785,3.233,2.329,3.629,3.05,2.505,2.843,0.25,4.38,0.667,0.396,0.497,0.392,0.11,1.644,2.464,1.152,0.999,0.956,3.05,0.585,0,0.073,0,0,0.146,0,0.149,0.621,0.183,0.153,0.365,0.32,1.231,1.329,0.274,1.514,0.619,1.493,1.514,0.274,0.619,3.279,1.343,1.457,2.49,1.221,1.055,3.081,3.233,3.99,3.035,2.726,2.086,2.852,2.989,0.745,3.644,1.796,2.086,1.94,2.528,3.05,2.133,3.537,4.051,4.425,4.38,0.331,3.598,1.305,0.734,4.425,2.413,2.935
12,2.639,2.348,0.99,1.645,1.766,0.944,0,3.713,3.786,3.713,3.05,0,2.989,2.791,3.422,0.7,2.876,2.102,2.24,2.985,0.863,3.64,3.495,2.566,2.566,2.202,1.462,1.34,2.275,1.838,0.449,1.183,3.713,1.34,0.777,0.863,0.792,3.713,1.34,2.73,3.713,2.852,3.185,0.299,3.713,0.71,0.473,0.594,0.396,0,0.594,1.721,1.523,1.157,1.142,2.275,0.655,0,0,0,0,0,0,0.091,0.655,0,0,0.291,0.218,1.508,0,0.146,0.365,0.594,0.414,0.365,0.146,0.594,2.639,1.827,1.766,1.827,1.645,1.447,2.402,3.713,3.185,2.33,1.949,2.566,2.038,2.257,1.001,2.974,0.838,2.566,2.348,1.645,2.275,1.151,2.669,3.203,3.786,3.713,0.396,2.913,1.523,0.837,3.786,2.852,1.878
13,3.02,2.843,0.828,2.349,1.254,1.799,0,4.136,3.02,4.136,3.687,2.989,0,2.349,3.959,0.459,2.331,1.838,1.931,3.722,1.8,4.105,3.99,2.989,1.843,2.782,2.227,1.029,2.867,2.575,1.522,2.136,2.989,2.176,1.72,0.653,0.662,2.989,2.176,3.425,2.989,2.375,2.615,0.25,4.136,0.594,0.396,0.497,0.331,0,1.644,2.464,1.152,0.907,0.864,2.867,0.439,0,0,0,0,0,0,0.038,0.439,0,0,0.122,0.091,1.108,1.147,0.061,1.391,0.497,1.424,1.391,0.061,0.497,3.02,1.279,1.254,2.426,1.157,0.991,2.822,2.989,3.761,2.791,2.523,1.843,2.669,2.761,0.745,3.618,1.745,1.843,1.696,2.349,2.867,2.017,3.445,3.868,4.166,4.136,0.331,3.547,1.152,0.548,4.166,2.375,2.783
14,1.675,1.742,0.866,1.233,1.325,0.586,0.092,2.791,3.065,2.791,2.497,2.791,2.349,0,2.858,0.392,2.408,1.763,1.948,2.621,0.578,3.004,2.889,1.645,1.791,1.437,0.948,0.897,1.766,1.474,0.3,1.035,3.035,1.101,0.596,0.578,0.693,3.035,1.101,2.349,2.791,2.365,2.7,0.2,3.035,0.573,0.317,0.397,0.347,0.146,0.397,1.152,1.019,0.897,0.887,1.766,0.633,0,0.097,0,0,0.195,0,0.161,0.682,0.244,0.204,0.365,0.335,1.172,0.244,0.305,0.408,0.561,0.37,0.408,0.305,0.561,1.919,1.147,1.325,1.147,1.024,0.892,1.76,3.035,2.7,1.73,1.447,1.888,1.608,1.699,0.67,2.339,0.499,1.888,1.742,1.274,1.766,0.925,2.288,2.767,3.065,3.035,0.265,2.268,1.223,0.615,3.065,2.242,1.84
15,4.623,4.758,2.441,4.005,3.011,3.119,0.138,4.568,4.987,4.568,4.188,3.422,3.959,2.858,0,0.624,2.945,1.996,2.245,4.365,1.927,6.025,4.758,4.568,3.64,4.285,2.468,2.377,4.714,3.218,1.596,2.694,4.932,2.682,3.207,0.78,1.035,3.786,2.682,4.011,3.422,2.843,3.32,0.299,4.932,2.002,1.62,0.594,0.518,1.365,1.741,2.721,1.377,1.267,1.215,3.567,0.815,0,0.146,0,0,0.291,0,0.251,0.888,0.364,0.305,0.582,0.528,1.568,1.511,0.473,1.683,0.838,1.616,1.683,0.473,0.838,4.987,1.605,3.011,2.752,1.459,1.261,4.75,4.932,5.613,4.696,3.157,2.639,3.331,3.495,0.891,3.908,1.923,2.639,3.611,4.066,3.567,2.417,4.999,5.686,6.134,6.079,0.396,4.999,1.681,2.111,6.134,2.66,4.329
16,3.387,0.847,0.739,1.539,0.52,2.041,2.694,0.7,2.033,0.7,0.522,0.7,0.459,0.392,0.624,0,1.765,0.247,0.247,0.396,0.15,1.771,1.847,2.14,3.286,0.548,0.392,0.387,0.396,1.543,1.436,0.542,0.7,0.265,1.022,0.15,0.265,2.286,0.265,0.52,0.7,0.456,0.545,1.725,0.7,2.14,2.06,1.651,0.438,1.999,0.505,0.331,1.534,1.717,1.753,2.298,2.781,1.634,1.634,1.554,1.554,2.89,2.946,1.833,1.634,3.0,1.554,4.597,4.521,2.9,1.658,1.859,1.452,1.651,0.231,1.452,1.957,1.651,2.435,1.73,0.805,1.73,3.509,1.664,1.99,3.579,3.35,0.621,0.52,0.92,2.048,1.692,2.444,0.82,1.085,0.92,0.993,0.392,0.542,0.2,1.412,0.396,4.899,3.676,3.139,2.074,0.265,1.686,3.655,3.239,1.147
17,2.967,1.889,0.838,1.261,1.462,1.832,0.111,2.876,3.258,2.876,2.554,2.876,2.331,2.408,2.945,1.765,0,1.78,1.973,2.541,0.518,3.076,4.183,1.729,3.05,1.416,0.956,0.804,1.656,1.394,0.269,1.001,3.167,1.048,0.731,0.518,0.67,3.167,1.048,2.499,2.876,2.435,2.803,0.18,3.167,0.542,0.284,0.356,0.335,0.175,0.356,1.032,0.914,0.841,0.831,1.656,0.626,0,0.116,0,0,0.233,0,0.26,0.684,0.291,0.244,1.802,1.711,1.099,0.291,0.473,0.414,0.551,0.359,0.414,0.473,0.551,3.258,2.441,1.462,2.441,2.331,2.213,3.116,4.314,3.95,1.878,1.571,2.02,1.514,1.787,0.601,2.322,0.661,2.02,1.889,1.31,1.656,0.875,2.207,2.672,4.405,4.314,0.238,2.365,1.157,2.06,4.405,2.289,1.829
18,0.978,0.873,0.376,0.616,0.655,0.347,0,2.102,2.125,2.102,1.857,2.102,1.838,1.763,1.996,0.247,1.78,0,1.556,1.844,0.328,2.079,2.019,0.955,0.955,0.826,0.547,0.509,0.863,0.698,0.17,0.449,2.102,0.509,0.283,0.328,0.3,2.102,0.509,1.732,2.102,1.782,1.906,0.114,2.102,0.269,0.18,0.225,0.15,0,0.225,0.653,0.578,0.439,0.433,0.863,0.249,0,0,0,0,0,0,0.029,0.249,0,0,0.092,0.069,0.572,0,0.046,0.139,0.225,0.157,0.139,0.046,0.225,0.978,0.674,0.655,0.674,0.605,0.53,0.889,2.102,1.906,0.866,0.724,0.955,0.774,0.843,0.38,1.832,0.302,0.955,0.873,0.616,0.863,0.437,1.725,1.927,2.125,2.102,0.15,1.802,0.578,0.295,2.125,1.782,1.424
19,1.117,1.121,0.491,0.801,0.863,0.393,0.052,2.24,2.401,2.24,2.019,2.24,1.931,1.948,2.245,0.247,1.973,1.556,0,2.065,0.38,2.355,2.268,1.094,1.176,0.937,0.616,0.578,1.14,0.919,0.17,0.587,2.378,0.693,0.352,0.38,0.393,2.378,0.693,1.917,2.24,1.944,2.155,0.114,2.378,0.325,0.18,0.225,0.196,0.083,0.225,0.745,0.67,0.555,0.572,1.14,0.442,0,0.055,0,0,0.111,0,0.098,0.47,0.138,0.116,0.23,0.207,0.78,0.138,0.184,0.277,0.318,0.262,0.277,0.184,0.318,1.255,0.767,0.863,0.767,0.674,0.599,1.165,2.378,2.155,1.142,0.955,1.232,1.05,1.119,0.45,1.948,0.302,1.232,1.121,0.824,1.14,0.594,1.886,2.176,2.401,2.378,0.15,1.894,0.786,0.378,2.401,1.875,1.632
20,2.985,3.218,1.294,2.621,1.535,1.762,0.138,4.132,3.349,4.132,3.904,2.985,3.722,2.621,4.365,0.396,2.541,1.844,2.065,0,1.844,4.496,4.365,2.985,2.057,2.854,2.267,1.121,3.349,3.087,1.596,2.694,3.349,2.572,1.923,0.698,1.035,3.349,2.572,3.719,2.985,2.56,2.981,0.299,4.496,0.855,0.473,0.594,0.518,0.218,1.741,2.575,1.23,1.194,1.106,3.349,0.684,0,0.146,0,0,0.291,0,0.183,0.757,0.364,0.305,0.364,0.364,1.386,1.511,0.364,1.61,0.838,1.533,1.61,0.364,0.838,3.349,1.23,1.535,2.377,1.121,0.923,3.112,3.349,4.128,3.112,2.791,2.202,3.112,3.112,0.78,3.633,1.741,2.202,2.071,2.682,3.349,2.307,3.707,4.365,4.496,4.496,0.396,3.524,1.535,0.692,4.496,2.377,3.036
21,2.01,1.927,0.376,1.725,0.578,1.436,0,2.01,0.863,2.01,1.8,0.863,1.8,0.578,1.927,0.15,0.518,0.328,0.38,1.844,0,2.01,1.927,2.01,0.863,1.927,1.655,0.509,2.01,1.844,1.317,1.596,0.863,1.655,1.372,0.328,0.3,0.863,1.655,1.655,0.863,0.578,0.691,0.114,2.01,0.269,0.18,0.225,0.15,0,1.372,1.8,0.578,0.439,0.433,2.01,0.249,0,0,0,0,0,0,0,0.249,0,0,0,0,0.572,1.147,0,1.285,0.225,1.304,1.285,0,0.225,2.01,0.578,0.578,1.725,0.509,0.433,1.92,0.863,1.837,1.92,1.794,0.863,1.92,1.92,0.38,1.794,1.372,0.863,0.78,1.725,2.01,1.584,1.725,1.927,2.01,2.01,0.15,1.725,0.578,0.18,2.01,0.578,1.424
103,5.988,4.932,2.441,5.298,3.157,3.192,1.285,4.787,6.352,4.787,4.334,3.64,4.105,3.004,6.025,1.771,3.076,2.079,2.355,4.496,2.01,0,4.932,5.934,5.005,4.459,2.578,2.487,4.932,4.496,2.742,2.694,5.151,2.791,3.207,0.863,1.035,5.151,2.791,4.121,3.64,2.989,3.495,1.446,5.151,3.149,2.767,1.741,0.518,2.512,1.741,2.867,2.669,2.487,2.471,4.932,2.093,0,0.146,0,0,1.438,1.147,0.251,1.019,1.511,0.305,1.729,1.675,2.898,2.657,1.62,2.902,1.984,1.699,2.902,1.62,1.984,5.205,1.751,3.157,2.898,2.715,1.37,4.969,6.298,6.935,4.914,3.339,2.857,4.696,4.86,2.148,4.09,1.923,2.857,3.786,4.212,3.786,2.528,6.292,5.861,7.499,7.444,1.543,6.292,1.827,2.111,7.499,3.953,5.622
105,4.714,3.684,1.294,2.889,1.925,3.164,0.138,4.641,3.931,4.641,4.233,3.495,3.99,2.889,4.758,1.847,4.183,2.019,2.268,4.365,1.927,4.932,0,3.495,3.713,3.174,2.499,1.23,3.567,3.218,1.596,2.694,3.859,2.682,2.106,0.78,1.035,3.859,2.682,4.072,3.495,2.889,3.374,0.299,5.005,0.855,0.473,0.594,0.518,0.218,1.741,2.721,1.377,1.267,1.215,3.567,0.815,0,0.146,0,0,0.291,0,0.274,0.888,0.364,0.305,1.802,1.729,1.568,1.511,0.51,1.683,0.838,1.616,1.683,0.51,0.838,5.078,2.828,1.925,3.975,2.682,2.484,4.841,5.005,5.668,3.622,3.218,2.712,3.331,3.549,0.891,3.938,1.984,2.712,2.537,2.95,3.567,2.417,3.853,4.539,6.225,6.152,0.396,3.914,1.681,2.202,6.225,2.706,3.183
22,6.374,4.816,2.429,5.085,2.913,3.557,1.257,3.713,5.063,3.713,3.05,2.566,2.989,1.645,4.568,2.14,1.729,0.955,1.094,2.985,2.01,5.934,3.495,0,5.231,4.496,2.609,2.633,4.568,4.132,2.908,2.504,3.713,2.487,3.435,0.863,0.792,4.062,2.487,2.73,2.566,1.705,2.038,1.722,3.713,3.44,3.203,2.106,0.761,2.73,2.106,2.867,2.816,2.669,2.289,5.005,1.802,0,0,0,0,1.278,1.453,0.311,0.655,1.409,0,1.875,1.802,2.654,2.73,1.729,3.024,2.106,1.837,3.024,1.729,2.106,5.238,1.855,3.078,2.974,3.157,1.465,4.871,5.209,5.741,4.623,3.096,2.828,4.681,4.55,2.148,3.193,2.35,2.828,3.844,3.938,3.596,2.298,4.963,4.35,6.472,6.356,1.908,5.535,1.568,1.984,6.429,3.145,4.171
23,6.385,3.888,2.612,4.084,3.096,3.566,1.34,2.566,5.282,2.566,2.013,2.566,1.843,1.791,3.64,3.286,3.05,0.955,1.176,2.057,0.863,5.005,3.713,5.231,0,3.349,1.462,2.633,3.64,3.203,1.761,1.576,3.931,1.523,2.398,0.863,0.938,4.281,1.523,1.766,2.566,1.815,2.257,1.722,2.785,3.527,3.203,2.106,0.834,2.861,0.959,1.721,2.816,2.779,2.398,4.077,1.977,0,0.087,0,0,1.452,1.457,0.42,0.874,1.627,0.183,3.24,3.167,2.8,1.802,1.948,2.024,2.252,0.774,2.024,1.948,2.252,5.471,3.011,3.266,2.974,4.303,2.618,5.089,6.574,5.959,3.695,2.132,3.047,3.753,3.622,2.148,2.047,1.203,3.047,4.062,2.974,2.668,1.289,3.926,3.422,6.705,6.574,1.908,4.401,1.766,3.262,6.647,3.145,3.207
24,4.532,4.321,2.136,3.731,3.792,4.22,0,3.349,3.385,3.349,2.813,2.202,2.782,1.437,4.285,0.548,1.416,0.826,0.937,2.854,1.927,4.459,3.174,4.496,3.349,0,2.438,2.377,5.497,4.001,1.596,3.476,4.496,3.524,4.125,1.927,1.939,2.202,2.377,2.499,2.202,1.468,1.755,0.299,3.349,3.003,2.767,1.741,1.543,2.293,2.887,3.868,1.377,2.231,2.179,4.35,0.524,0,0,0,0,0,0,1.192,0.524,0,0,0.146,0.109,1.325,2.293,1.219,1.439,1.741,2.625,1.439,1.219,1.741,5.679,2.676,3.792,2.676,2.529,2.331,5.442,4.496,5.195,5.406,3.938,2.202,4.113,4.223,0.891,2.73,3.009,3.349,3.174,4.878,4.35,3.334,4.817,5.322,5.679,5.642,0.396,4.938,1.377,1.802,5.679,1.468,4.025
25,2.639,2.499,0.662,2.095,0.999,1.672,0,2.609,1.492,2.609,2.253,1.462,2.227,0.948,2.468,0.392,0.956,0.547,0.616,2.267,1.655,2.578,2.499,2.609,1.462,2.438,0,0.805,2.487,2.267,1.447,1.939,1.462,1.952,1.621,0.509,0.53,1.462,1.952,2.054,1.462,0.973,1.163,0.2,2.609,0.475,0.317,0.397,0.265,0,1.544,2.176,0.897,0.713,0.673,2.487,0.329,0,0,0,0,0,0,0.038,0.329,0,0,0.122,0.091,0.856,1.147,0.061,1.33,0.397,1.355,1.33,0.061,0.397,2.639,1.024,0.999,2.171,0.933,0.8,2.481,1.462,2.31,2.45,2.237,1.462,2.328,2.42,0.578,2.186,1.646,1.462,1.352,2.095,2.487,1.825,2.044,2.377,2.639,2.609,0.265,2.146,0.897,0.469,2.639,0.973,1.514
26,2.596,2.45,1.931,2.044,2.044,1.717,0.046,1.34,2.542,1.34,1.029,1.34,1.029,0.897,2.377,0.387,0.804,0.509,0.578,1.121,0.509,2.487,1.23,2.633,2.633,2.377,0.805,0,2.487,1.121,0.37,0.865,2.487,0.805,1.697,0.509,0.53,1.486,0.805,0.805,1.34,0.897,1.072,0.316,1.34,1.805,1.646,0.55,0.418,1.329,0.55,1.029,0.958,0.866,0.673,1.523,0.329,0,0,0,0,0.055,0.122,0.092,0.329,0.11,0,0.183,0.183,0.856,0.183,0.183,0.336,0.55,0.324,0.336,0.183,0.55,2.596,0.897,2.105,0.897,0.958,0.673,2.401,2.633,2.328,2.328,0.989,1.45,1.328,1.182,0.578,1.08,0.55,1.45,2.523,2.044,1.413,0.678,2.044,2.377,2.633,2.633,0.418,2.166,0.897,1.463,2.633,1.019,1.514
27,4.568,4.714,2.441,4.06,4.121,4.201,0.138,3.422,3.786,3.422,3.05,2.275,2.867,1.766,4.714,0.396,1.656,0.863,1.14,3.349,2.01,4.932,3.567,4.568,3.64,5.497,2.487,2.487,0,4.496,1.596,3.84,4.932,3.938,4.217,2.01,2.182,2.639,2.791,2.791,2.275,1.705,2.184,0.299,3.786,3.149,2.767,1.741,1.664,2.512,2.887,4.014,1.523,2.487,2.471,4.932,0.946,0,0.146,0,0,0.291,0,1.329,1.019,0.364,0.305,0.364,0.364,1.751,2.657,1.511,1.756,1.984,2.846,1.756,1.511,1.984,6.079,2.669,4.121,2.669,2.487,2.289,5.843,4.932,5.624,5.843,4.303,2.639,4.696,4.696,1.001,2.852,2.887,3.786,3.567,5.267,4.932,3.675,5.146,5.861,6.079,6.079,0.396,4.963,1.827,1.838,6.079,1.523,4.476
28,4.132,3.218,1.294,3.767,2.682,2.909,1.285,2.985,3.349,2.985,2.758,1.838,2.575,1.474,3.218,1.543,1.394,0.698,0.919,3.087,1.844,4.496,3.218,4.132,3.203,4.001,2.267,1.121,4.496,0,2.742,3.84,3.349,3.719,3.07,1.844,2.182,3.349,2.572,2.572,1.838,1.413,1.835,1.446,3.349,3.149,2.767,2.887,1.664,2.512,2.887,3.722,2.377,3.487,3.399,5.642,1.831,0,0.146,0,0,1.438,1.147,1.329,0.757,1.511,0.305,1.511,1.511,2.532,3.804,2.657,2.756,3.131,2.68,2.756,2.657,3.131,4.496,2.377,2.682,2.377,3.414,2.069,4.259,4.496,5.275,4.259,3.938,2.202,5.406,5.406,1.927,2.487,2.887,3.349,2.071,3.828,4.496,3.454,4.853,4.365,5.642,5.642,1.543,4.67,1.535,0.692,5.642,2.377,4.183
29,2.867,1.678,0.514,2.594,0.3,1.436,1.199,1.596,1.658,1.596,1.522,0.449,1.522,0.3,1.596,1.436,0.269,0.17,0.17,1.596,1.317,2.742,1.596,2.908,1.761,1.596,1.447,0.37,1.596,2.742,0,1.678,0.449,1.447,1.545,0.17,0.3,1.761,1.447,1.447,0.449,0.3,0.359,1.391,1.596,1.623,1.533,1.545,0.324,1.354,1.545,1.522,1.517,1.621,1.372,2.95,1.147,0,0,0,0,1.209,1.285,0.104,0,1.271,0,1.354,1.354,1.372,2.501,1.354,2.467,1.545,1.278,2.467,1.354,1.545,1.72,0.3,0.37,1.447,1.621,0.225,1.589,1.761,2.777,1.506,1.447,0.573,2.818,2.653,1.317,1.551,1.545,0.573,0.615,1.447,1.678,1.374,2.594,1.596,2.908,2.908,1.47,2.733,0.3,0.18,2.908,1.586,2.293
30,2.461,2.781,1.441,2.182,2.243,2.835,0.193,2.33,1.613,2.33,2.319,1.183,2.136,1.035,2.694,0.542,1.001,0.449,0.587,2.694,1.596,2.694,2.694,2.504,1.576,3.476,1.939,0.865,3.84,3.84,1.678,0,2.694,3.39,3.253,1.596,2.182,1.722,2.243,2.243,1.183,0.975,1.31,0.437,2.694,2.221,1.838,1.923,1.847,1.584,3.07,3.283,0.865,2.304,1.923,4.059,0.291,0,0.146,0,0,0.357,0.146,1.439,0.364,0.495,0.305,0.582,0.582,0.838,2.876,1.729,1.573,2.167,2.57,1.573,1.729,2.167,3.971,1.939,2.316,1.939,2.121,1.741,3.691,2.868,3.735,3.604,3.39,1.678,3.779,3.604,0.449,2.048,3.07,2.825,1.722,3.39,3.928,3.122,3.268,3.84,4.015,4.015,0.579,3.231,1.096,0.692,4.015,0.938,2.598
31,3.786,3.859,2.441,3.035,4.364,3.237,0.138,3.713,5.296,3.713,3.233,3.713,2.989,3.035,4.932,0.7,3.167,2.102,2.378,3.349,0.863,5.151,3.859,3.713,3.931,4.496,1.462,2.487,4.932,3.349,0.449,2.694,0,2.791,3.253,2.01,2.182,4.077,1.645,3.035,3.713,3.035,3.549,0.299,4.077,3.149,2.767,1.741,1.664,2.512,1.741,2.867,1.523,2.487,2.471,3.786,0.946,0,0.146,0,0,0.291,0,1.421,1.019,0.364,0.305,0.655,0.582,1.751,1.511,1.656,0.609,1.984,1.699,0.609,1.656,1.984,5.296,2.974,4.364,1.827,2.791,2.593,5.06,6.37,5.843,4.987,3.4,2.93,3.549,3.768,1.001,2.974,1.984,4.077,3.859,4.243,3.786,2.528,5.146,5.861,6.443,6.37,0.396,5.206,1.827,2.202,6.443,2.852,4.476
32,2.487,2.682,0.917,2.247,2.298,2.742,0.116,2.487,1.645,2.487,2.329,1.34,2.176,1.101,2.682,0.265,1.048,0.509,0.693,2.572,1.655,2.791,2.682,2.487,1.523,3.524,1.952,0.805,3.938,3.719,1.447,3.39,2.791,0,2.844,1.655,1.881,1.645,2.207,2.207,1.34,1.05,1.377,0.2,2.791,1.744,1.463,1.544,1.514,1.329,2.691,3.323,0.897,2.013,1.972,3.938,0.573,0,0.122,0,0,0.244,0,1.3,0.633,0.305,0.255,0.305,0.305,1.06,2.598,1.451,1.534,1.748,2.617,1.534,1.451,1.748,3.938,2.044,2.298,2.044,1.952,1.819,3.78,2.791,3.67,3.78,3.537,1.645,3.78,3.78,0.578,2.135,2.691,2.791,1.535,3.445,3.938,3.164,3.343,3.828,3.938,3.938,0.265,3.19,1.152,0.499,3.938,0.897,2.915
33,3.487,3.435,2.265,2.89,2.997,4.385,0.493,1.923,2.289,1.923,1.85,0.777,1.72,0.596,3.207,1.022,0.731,0.283,0.352,1.923,1.372,3.207,2.106,3.435,2.398,4.125,1.621,1.697,4.217,3.07,1.545,3.253,3.253,2.844,0,1.372,1.666,1.471,1.697,1.85,0.777,0.604,0.795,0.686,2.106,3.569,3.378,1.827,1.789,3.347,2.974,2.79,0.55,2.018,1.944,3.917,0.633,0.487,0.56,0.408,0.408,0.771,0.713,1.933,0.67,0.944,0.561,1.31,1.264,0.828,3.079,2.073,1.651,1.949,2.652,1.651,2.17,1.949,5.012,1.735,3.313,1.735,2.444,1.636,4.509,3.911,4.801,4.281,2.997,1.233,3.609,3.088,0.225,2.095,3.453,2.38,2.471,4.067,3.253,2.709,3.929,4.217,5.2,5.155,0.989,4.459,0.55,1.722,5.103,1.063,3.593
34,0.863,0.78,0.376,0.578,1.725,1.436,0,0.863,0.863,0.863,0.653,0.863,0.653,0.578,0.78,0.15,0.518,0.328,0.38,0.698,0.328,0.863,0.78,0.863,0.863,1.927,0.509,0.509,2.01,1.844,0.17,1.596,2.01,1.655,1.372,0,1.447,0.863,0.509,0.509,0.863,0.578,0.691,0.114,0.863,1.416,1.326,1.372,1.297,1.147,1.372,1.8,0.578,1.586,1.58,2.01,0.249,0,0,0,0,0,0,1.147,0.249,0,0,0,0,0.572,1.147,1.147,0.139,1.372,1.304,0.139,1.147,1.372,2.01,1.725,1.725,0.578,1.655,1.58,1.92,2.01,1.837,1.92,1.794,0.863,1.92,1.92,0.38,0.647,1.372,2.01,0.78,1.725,2.01,1.584,1.725,1.927,2.01,2.01,0.15,1.725,0.578,0.18,2.01,0.578,1.424
35,0.792,1.035,0.866,0.693,1.881,1.412,0.092,0.792,1.035,0.792,0.785,0.792,0.662,0.693,1.035,0.265,0.67,0.3,0.393,1.035,0.3,1.035,1.035,0.792,0.938,1.939,0.53,0.53,2.182,2.182,0.3,2.182,2.182,1.881,1.666,1.447,0,1.035,0.734,0.734,0.792,0.652,0.877,0.2,1.035,1.719,1.463,1.544,1.493,1.293,1.544,1.809,0.53,1.799,1.666,2.182,0.195,0,0.097,0,0,0.195,0,1.269,0.244,0.244,0.204,0.244,0.244,0.561,1.39,1.39,0.163,1.707,1.239,0.163,1.39,1.707,2.182,1.677,1.881,0.53,1.677,1.544,2.024,2.182,2.024,2.024,1.881,1.035,2.024,2.024,0.3,0.53,1.544,2.182,1.035,1.881,2.182,1.701,1.799,2.182,2.182,2.182,0.265,1.677,0.734,0.463,2.182,0.53,1.351
36,4.092,2.887,1.66,3.035,3.218,1.383,1.533,3.713,5.427,3.713,3.233,3.713,2.989,3.035,3.786,2.286,3.167,2.102,2.378,3.349,0.863,5.151,3.859,4.062,4.281,2.202,1.462,1.486,2.639,3.349,1.761,1.722,4.077,1.645,1.471,0.863,1.035,0,1.645,3.035,3.713,3.035,3.549,2.979,4.077,2.614,2.231,2.106,0.883,2.02,0.959,1.721,2.816,2.852,2.654,4.397,2.312,0.218,0.364,0.183,0.183,1.787,1.622,0.676,1.238,1.991,0.487,2.457,2.384,3.081,2.013,3.327,2.121,2.35,0.829,2.121,2.224,2.35,4.543,1.827,2.29,1.827,3.303,1.447,2.941,5.704,5.089,2.694,2.254,4.339,4.03,3.768,2.148,4.45,1.349,4.339,3.061,1.949,2.814,1.381,3.999,3.567,6.967,5.748,2.091,4.425,1.827,1.056,6.924,4.401,3.329
37,2.487,2.682,0.917,2.247,1.152,1.595,0.116,2.487,1.645,2.487,2.329,1.34,2.176,1.101,2.682,0.265,1.048,0.509,0.693,2.572,1.655,2.791,2.682,2.487,1.523,2.377,1.952,0.805,2.791,2.572,1.447,2.243,1.645,2.207,1.697,0.509,0.734,1.645,0,2.207,1.34,1.05,1.377,0.2,2.791,0.597,0.317,0.397,0.367,0.183,1.544,2.176,0.897,0.866,0.826,2.791,0.573,0,0.122,0,0,0.244,0,0.153,0.633,0.305,0.255,0.305,0.305,1.06,1.451,0.305,1.534,0.601,1.47,1.534,0.305,0.601,2.791,0.897,1.152,2.044,0.805,0.673,2.633,1.645,2.523,2.633,2.39,1.645,2.633,2.633,0.578,2.135,1.544,1.645,1.535,2.298,2.791,2.017,2.196,2.682,2.791,2.791,0.265,2.044,1.152,0.499,2.791,0.897,1.768
38,2.791,2.925,0.917,2.349,1.356,1.748,0.116,3.877,3.096,3.877,3.629,2.73,3.425,2.349,4.011,0.52,2.499,1.732,1.917,3.719,1.655,4.121,4.072,2.73,1.766,2.499,2.054,0.805,2.791,2.572,1.447,2.243,3.035,2.207,1.85,0.509,0.734,3.035,2.207,0,2.73,2.349,2.706,0.2,4.182,0.597,0.317,0.397,0.367,0.183,1.544,2.176,0.897,0.866,0.826,2.791,0.573,0,0.122,0,0,0.244,0,0.229,0.633,0.305,0.255,0.548,0.487,1.06,1.451,0.426,1.534,0.601,1.47,1.534,0.426,0.601,3.096,1.152,1.356,2.298,1.06,0.927,2.937,3.035,3.853,2.877,2.594,1.888,2.633,2.816,0.578,3.384,1.748,1.888,1.779,2.4,2.791,2.017,3.343,3.828,4.243,4.182,0.265,3.394,1.152,0.804,4.243,2.196,2.915
39,2.639,2.348,0.99,1.645,1.766,0.944,0,3.713,3.786,3.713,3.05,3.713,2.989,2.791,3.422,0.7,2.876,2.102,2.24,2.985,0.863,3.64,3.495,2.566,2.566,2.202,1.462,1.34,2.275,1.838,0.449,1.183,3.713,1.34,0.777,0.863,0.792,3.713,1.34,2.73,0,2.852,3.185,0.299,3.713,0.71,0.473,0.594,0.396,0,0.594,1.721,1.523,1.157,1.142,2.275,0.655,0,0,0,0,0,0,0.091,0.655,0,0,0.291,0.218,1.508,0,0.146,0.365,0.594,0.414,0.365,0.146,0.594,2.639,1.827,1.766,1.827,1.645,1.447,2.402,3.713,3.185,2.33,1.949,2.566,2.038,2.257,1.001,2.974,0.838,2.566,2.348,1.645,2.275,1.151,2.669,3.203,3.786,3.713,0.396,2.913,1.523,0.837,3.786,2.852,1.878
40,1.751,1.742,0.815,1.218,1.325,0.624,0.069,2.852,3.081,2.852,2.505,2.852,2.375,2.365,2.843,0.456,2.435,1.782,1.944,2.56,0.578,2.989,2.889,1.705,1.815,1.468,0.973,0.897,1.705,1.413,0.3,0.975,3.035,1.05,0.604,0.578,0.652,3.035,1.05,2.349,2.852,0,2.685,0.2,3.035,0.548,0.317,0.397,0.326,0.11,0.397,1.152,1.019,0.866,0.856,1.705,0.585,0,0.073,0,0,0.146,0,0.149,0.621,0.183,0.153,0.365,0.32,1.131,0.183,0.274,0.367,0.52,0.347,0.367,0.274,0.52,1.934,1.21,1.325,1.21,1.088,0.956,1.776,3.035,2.685,1.73,1.447,1.888,1.547,1.684,0.67,2.365,0.55,1.888,1.742,1.249,1.705,0.886,2.258,2.706,3.081,3.035,0.265,2.319,1.172,0.655,3.081,2.281,1.789
41,2.093,2.228,1.096,1.553,1.705,0.746,0.138,3.185,3.604,3.185,2.843,3.185,2.615,2.7,3.32,0.545,2.803,1.906,2.155,2.981,0.691,3.495,3.374,2.038,2.257,1.755,1.163,1.072,2.184,1.835,0.359,1.31,3.549,1.377,0.795,0.691,0.877,3.549,1.377,2.706,3.185,2.685,0,0.239,3.549,0.713,0.379,0.475,0.439,0.218,0.475,1.377,1.218,1.109,1.096,2.184,0.815,0,0.146,0,0,0.291,0,0.251,0.888,0.364,0.305,0.582,0.528,1.45,0.364,0.473,0.536,0.719,0.47,0.536,0.473,0.719,2.457,1.447,1.705,1.447,1.3,1.142,2.268,3.549,3.131,2.213,1.852,2.402,1.995,2.159,0.801,2.602,0.658,2.402,2.228,1.614,2.184,1.151,2.548,3.156,3.604,3.549,0.317,2.548,1.523,0.87,3.604,2.502,2.036
42,1.727,0.437,0.605,1.347,1.347,0.578,1.467,0.299,1.55,0.299,0.25,0.299,0.25,0.2,0.299,1.725,0.18,0.114,0.114,0.299,0.114,1.446,0.299,1.722,1.722,0.299,0.2,0.316,0.299,1.446,1.391,0.437,0.299,0.2,0.686,0.114,0.2,2.979,0.2,0.2,0.299,0.2,0.239,0,0.299,1.966,1.906,1.586,0.389,1.86,0.439,0.25,1.463,1.636,1.605,2.086,1.515,0.368,0.368,0.308,0.308,1.619,1.686,0.482,0.368,1.722,0.308,1.86,1.86,1.605,1.603,2.786,1.436,1.586,0.218,1.436,1.713,1.586,1.874,0.2,0.439,0.2,1.882,0.15,0.378,1.943,1.814,0.239,0.2,1.653,1.883,1.386,1.26,1.705,0.686,1.653,0.576,0.2,0.437,0.151,1.347,0.299,3.164,2.017,1.844,1.701,0.2,0.12,3.09,1.763,1.147
106,3.786,3.859,1.294,3.035,2.071,2.091,0.138,4.86,4.15,4.86,4.38,3.713,4.136,3.035,4.932,0.7,3.167,2.102,2.378,4.496,2.01,5.151,5.005,3.713,2.785,3.349,2.609,1.34,3.786,3.349,1.596,2.694,4.077,2.791,2.106,0.863,1.035,4.077,2.791,4.182,3.713,3.035,3.549,0.299,0,0.855,0.473,0.594,0.518,0.218,1.741,2.867,1.523,1.34,1.325,3.786,0.946,0,0.146,0,0,0.291,0,0.274,1.019,0.364,0.305,0.655,0.582,1.751,1.511,0.51,1.756,0.838,1.699,1.756,0.51,0.838,4.15,1.827,2.071,2.974,1.645,1.447,3.913,4.077,4.696,3.84,3.4,2.93,3.549,3.768,1.001,4.121,1.984,2.93,2.712,3.096,3.786,2.528,3.999,4.714,5.296,5.224,0.396,4.06,1.827,1.056,5.296,2.852,3.329
43,3.447,2.221,2.423,2.866,2.89,3.286,1.708,0.71,3.313,0.71,0.667,0.71,0.594,0.573,2.002,2.14,0.542,0.269,0.325,0.855,0.269,3.149,0.855,3.44,3.527,3.003,0.475,1.805,3.149,3.149,1.623,2.221,3.149,1.744,3.569,1.416,1.719,2.614,0.597,0.597,0.71,0.548,0.713,1.966,0.855,0,4.736,3.107,1.89,4.656,1.96,1.741,1.805,3.298,3.21,4.161,1.846,0.582,0.641,0.487,0.487,2.009,1.999,1.981,0.728,2.202,0.609,2.421,2.421,2.088,3.16,3.218,1.701,3.204,1.547,1.701,3.334,3.204,3.826,1.622,3.268,0.475,3.615,1.503,3.225,5.082,4.831,3.007,1.744,1.183,3.793,3.007,1.416,1.042,2.35,2.33,2.439,2.89,2.221,1.598,3.988,3.149,5.198,5.198,2.328,4.476,0.597,1.518,5.082,2.28,3.562
44,3.211,1.838,2.103,2.61,2.61,3.207,1.653,0.473,2.93,0.473,0.396,0.473,0.396,0.317,1.62,2.06,0.284,0.18,0.18,0.473,0.18,2.767,0.473,3.203,3.203,2.767,0.317,1.646,2.767,2.767,1.533,1.838,2.767,1.463,3.378,1.326,1.463,2.231,0.317,0.317,0.473,0.317,0.379,1.906,0.473,4.736,0,2.988,1.762,4.569,1.841,1.543,1.646,3.067,3.018,3.779,1.729,0.582,0.582,0.487,0.487,1.893,1.999,1.908,0.582,2.057,0.487,2.275,2.275,1.872,3.014,3.072,1.604,2.988,1.492,1.604,3.189,2.988,3.444,1.463,2.988,0.317,3.457,1.384,2.89,4.7,4.496,2.672,1.463,0.801,3.458,2.672,1.326,0.883,2.231,1.948,2.057,2.61,1.838,1.386,3.757,2.767,4.816,4.816,2.249,4.317,0.317,1.336,4.7,2.121,3.44
45,2.015,0.777,0.803,1.544,1.544,1.651,1.262,0.594,1.878,0.594,0.497,0.594,0.497,0.397,0.594,1.651,0.356,0.225,0.225,0.594,0.225,1.741,0.594,2.106,2.106,1.741,0.397,0.55,1.741,2.887,1.545,1.923,1.741,1.544,1.827,1.372,1.544,2.106,0.397,0.397,0.594,0.397,0.475,1.586,0.594,3.107,2.988,0,1.728,2.75,1.827,1.644,1.697,3.073,2.592,3.344,1.147,0,0,0,0,1.284,1.452,1.376,0,1.421,0,1.604,1.604,1.445,2.75,2.75,1.529,2.974,1.436,1.529,2.75,2.974,2.015,1.544,1.697,0.397,3.073,1.445,1.805,3.253,3.043,1.622,1.544,0.868,3.134,2.768,1.372,0.627,1.827,2.015,0.959,1.544,1.923,1.447,2.691,1.741,3.253,3.253,1.728,2.997,0.397,0.238,3.253,1.85,2.293
46,0.67,0.7,0.739,0.347,1.514,1.585,0.162,0.396,0.655,0.396,0.392,0.396,0.331,0.347,0.518,0.438,0.335,0.15,0.196,0.518,0.15,0.518,0.518,0.761,0.834,1.543,0.265,0.418,1.664,1.664,0.324,1.847,1.664,1.514,1.789,1.297,1.493,0.883,0.367,0.367,0.396,0.326,0.439,0.389,0.518,1.89,1.762,1.728,0,1.677,1.728,1.478,0.418,1.855,1.407,2.121,0.097,0,0.049,0,0,0.235,0.306,1.437,0.122,0.396,0.102,0.579,0.579,0.28,1.725,1.725,0.464,1.809,1.482,0.464,1.725,1.809,1.939,1.412,1.666,0.265,1.794,1.345,1.768,2.03,1.859,1.585,1.514,0.792,1.951,1.585,0.15,0.494,1.728,1.939,0.883,1.514,1.847,1.424,1.473,1.664,2.03,2.03,0.515,1.717,0.367,0.231,2.03,0.571,1.249
47,2.767,1.584,1.939,2.44,2.476,3.146,1.828,0,2.676,0,0.11,0,0,0.146,1.365,1.999,0.175,0,0.083,0.218,0,2.512,0.218,2.73,2.861,2.293,0,1.329,2.512,2.512,1.354,1.584,2.512,1.329,3.347,1.147,1.293,2.02,0.183,0.183,0,0.11,0.218,1.86,0.218,4.656,4.569,2.75,1.677,0,1.604,1.147,1.329,2.86,3.012,3.64,2.049,0.728,0.815,0.609,0.609,2.213,2.121,2.14,0.946,2.421,0.792,2.639,2.639,1.902,3.276,3.349,1.75,2.896,1.575,1.75,3.495,2.896,3.276,1.147,2.902,0,3.237,1.147,2.73,4.532,4.423,2.512,1.329,0.546,3.385,2.512,1.147,0.64,2.091,1.693,1.802,2.476,1.584,1.285,3.55,2.512,4.678,4.678,2.213,4.049,0.183,1.278,4.532,1.878,3.623
48,2.015,1.923,0.803,1.544,1.544,2.798,0.116,1.741,0.731,1.741,1.644,0.594,1.644,0.397,1.741,0.505,0.356,0.225,0.225,1.741,1.372,1.741,1.741,2.106,0.959,2.887,1.544,0.55,2.887,2.887,1.545,3.07,1.741,2.691,2.974,1.372,1.544,0.959,1.544,1.544,0.594,0.397,0.475,0.439,1.741,1.96,1.841,1.827,1.728,1.604,0,2.79,0.55,1.926,1.445,3.344,0,0,0,0,0,0.137,0.306,1.376,0,0.274,0,0.457,0.457,0.298,2.75,1.604,1.529,1.827,2.582,1.529,1.604,1.827,3.161,1.544,1.697,1.544,1.926,1.445,2.951,2.106,3.043,2.768,2.691,0.868,3.134,2.768,0.225,1.774,2.974,2.015,0.959,2.691,3.07,2.594,2.691,2.887,3.253,3.253,0.581,2.997,0.397,0.238,3.253,0.703,2.293
49,2.867,2.721,0.828,2.298,2.298,2.869,0,2.867,1.721,2.867,2.464,1.721,2.464,1.152,2.721,0.331,1.032,0.653,0.745,2.575,1.8,2.867,2.721,2.867,1.721,3.868,2.176,1.029,4.014,3.722,1.522,3.283,2.867,3.323,2.79,1.8,1.809,1.721,2.176,2.176,1.721,1.152,1.377,0.25,2.867,1.741,1.543,1.644,1.478,1.147,2.79,0,1.152,2.054,2.01,4.014,0.439,0,0,0,0,0,0,1.147,0.439,0,0,0,0,1.108,2.293,1.147,1.391,1.644,2.571,1.391,1.147,1.644,4.014,2.298,2.298,2.298,2.176,2.01,3.816,2.867,3.67,3.816,3.567,1.721,3.816,3.816,0.745,2.421,2.79,2.867,1.575,3.445,4.014,3.164,3.445,3.868,4.014,4.014,0.331,3.445,1.152,0.396,4.014,1.152,2.783
50,2.779,1.45,0.785,2.166,1.019,0.632,1.193,1.523,2.724,1.523,1.152,1.523,1.152,1.019,1.377,1.534,0.914,0.578,0.67,1.23,0.578,2.669,1.377,2.816,2.816,1.377,0.897,0.958,1.523,2.377,1.517,0.865,1.523,0.897,0.55,0.578,0.53,2.816,0.897,0.897,1.523,1.019,1.218,1.463,1.523,1.805,1.646,1.697,0.418,1.329,0.55,1.152,0,2.074,1.911,2.852,1.585,0,0,0,0,1.202,1.269,0.092,0.439,1.256,0,1.329,1.329,2.156,1.329,1.329,1.544,1.697,0.393,1.544,1.329,1.697,1.632,1.019,1.08,1.019,2.196,0.764,1.437,2.816,2.475,1.364,1.142,1.632,2.657,2.511,1.817,1.233,0.55,1.632,1.523,1.019,1.596,0.77,2.166,1.377,2.816,2.816,1.565,2.288,1.019,0.317,2.816,2.288,1.636
51,2.578,1.45,1.121,2.044,2.074,1.84,1.332,1.157,2.624,1.157,0.999,1.157,0.907,0.897,1.267,1.717,0.841,0.439,0.555,1.194,0.439,2.487,1.267,2.669,2.779,2.231,0.713,0.866,2.487,3.487,1.621,2.304,2.487,2.013,2.018,1.586,1.799,2.852,0.866,0.866,1.157,0.866,1.109,1.636,1.34,3.298,3.067,3.073,1.855,2.86,1.926,2.054,2.074,0,2.966,4.09,1.512,0,0.073,0,0,1.43,1.452,1.468,0.402,1.604,0.153,1.786,1.786,1.972,2.933,2.933,1.774,3.195,1.644,1.774,2.933,3.195,2.761,1.921,2.227,0.775,3.389,1.728,2.511,3.999,3.676,2.328,2.135,1.614,3.841,3.475,1.632,1.065,1.926,2.761,1.632,2.074,2.669,1.848,3.16,2.414,3.999,3.999,1.794,3.374,0.927,0.426,3.999,2.227,2.691
52,2.411,1.215,0.854,2.033,2.064,1.937,1.601,1.142,2.471,1.142,0.956,1.142,0.864,0.887,1.215,1.753,0.831,0.433,0.572,1.106,0.433,2.471,1.215,2.289,2.398,2.179,0.673,0.673,2.471,3.399,1.372,1.923,2.471,1.972,1.944,1.58,1.666,2.654,0.826,0.826,1.142,0.856,1.096,1.605,1.325,3.21,3.018,2.592,1.407,3.012,1.445,2.01,1.911,2.966,0,4.105,2.231,0.609,0.682,0.51,0.51,1.902,1.656,1.748,1.121,1.939,0.662,1.939,1.939,2.535,2.659,2.72,1.452,2.714,1.424,1.452,2.842,2.714,2.837,1.911,2.268,0.764,3.374,1.72,2.353,3.984,3.755,2.353,2.156,1.325,3.865,3.499,1.649,1.162,1.853,2.471,1.215,2.064,2.471,1.84,3.15,2.362,4.105,4.105,1.855,3.262,0.917,0.347,3.984,2.217,2.813
107,5.013,3.786,1.855,4.06,2.974,3.81,1.791,3.422,3.95,3.422,3.05,2.275,2.867,1.766,3.567,2.298,1.656,0.863,1.14,3.349,2.01,4.932,3.567,5.005,4.077,4.35,2.487,1.523,4.932,5.642,2.95,4.059,3.786,3.938,3.917,2.01,2.182,4.397,2.791,2.791,2.275,1.705,2.184,2.086,3.786,4.161,3.779,3.344,2.121,3.64,3.344,4.014,2.852,4.09,4.105,0,2.676,0.582,0.728,0.487,0.487,2.184,1.999,2.091,1.602,2.421,0.792,2.639,2.639,3.385,4.525,3.436,3.359,3.588,3.191,3.359,3.553,3.588,5.609,2.669,3.352,2.669,4.48,2.289,4.914,5.719,6.301,4.696,4.303,2.967,6.629,5.843,2.148,3.419,3.734,4.113,2.857,4.121,5.151,3.675,5.146,4.714,6.982,6.982,2.487,5.523,1.827,0.692,6.865,3.327,4.476
53,1.948,0.815,0.487,1.78,0.682,0.707,2.864,0.655,2.093,0.655,0.585,0.655,0.439,0.633,0.815,2.781,0.626,0.249,0.442,0.684,0.249,2.093,0.815,1.802,1.977,0.524,0.329,0.329,0.946,1.831,1.147,0.291,0.946,0.573,0.633,0.249,0.195,2.312,0.573,0.573,0.655,0.585,0.815,1.515,0.946,1.846,1.729,1.147,0.097,2.049,0,0.439,1.585,1.512,2.231,2.676,0,1.875,1.991,1.756,1.756,3.254,2.902,1.902,2.559,3.313,1.999,3.313,3.313,3.646,1.656,1.729,1.561,1.342,0.359,1.561,1.875,1.342,1.383,0.439,0.926,0.439,1.963,0.329,0.946,2.53,2.399,0.946,0.792,0.946,2.53,2.093,2.625,0.914,0.487,0.946,0.815,0.682,0.946,0.516,1.731,0.815,3.822,2.676,2.902,1.829,0.682,0.175,2.53,3.097,1.829
54,0.146,0,0.244,0,0,0.487,1.607,0,0,0,0,0,0,0,0,1.634,0,0,0,0,0,0,0,0,0,0,0,0,0,0,0,0,0,0,0.487,0,0,0.218,0,0,0,0,0,0.368,0,0.582,0.582,0,0,0.728,0,0,0,0,0.609,0.582,1.875,0,1.875,1.756,1.756,1.875,1.756,1.756,1.875,1.875,1.756,1.875,1.875,1.756,0.218,0.291,0,0,0,0,0.437,0,0.437,0,0.244,0,0.487,0,0,0.437,0.437,0,0,0,0.437,0,1.147,0.365,0.487,0,0,0,0,0,0,0,1.729,0.582,1.756,0.244,0,0,0.437,1.512,0
55,0.146,0.146,0.365,0.097,0.122,0.487,1.662,0,0.146,0,0.073,0,0,0.097,0.146,1.634,0.116,0,0.055,0.146,0,0.146,0.146,0,0.087,0,0,0,0.146,0.146,0,0.146,0.146,0.122,0.56,0,0.097,0.364,0.122,0.122,0,0.073,0.146,0.368,0.146,0.641,0.582,0,0.049,0.815,0,0,0,0.073,0.682,0.728,1.991,1.875,0,1.756,1.756,1.991,1.756,1.829,2.02,2.02,1.878,2.02,2.02,1.853,0.364,0.437,0.097,0.097,0.055,0.097,0.582,0.097,0.582,0,0.365,0,0.487,0,0.146,0.582,0.582,0.146,0.122,0.146,0.582,0.146,1.147,0.365,0.487,0.146,0.146,0.122,0.146,0.092,0.073,0.146,1.875,0.728,1.756,0.244,0.122,0.087,0.582,1.512,0.122
56,0.122,0,0.204,0,0,0.408,1.532,0,0,0,0,0,0,0,0,1.554,0,0,0,0,0,0,0,0,0,0,0,0,0,0,0,0,0,0,0.408,0,0,0.183,0,0,0,0,0,0.308,0,0.487,0.487,0,0,0.609,0,0,0,0,0.51,0.487,1.756,1.756,1.756,0,1.656,1.756,1.656,1.656,1.756,1.756,1.656,1.756,1.756,1.656,0.183,0.244,0,0,0,0,0.365,0,0.365,0,0.204,0,0.408,0,0,0.365,0.365,0,0,0,0.365,0,1.147,0.306,0.408,0,0,0,0,0,0,0,1.634,0.487,1.656,0.204,0,0,0.365,1.452,0
57,0.122,0,0.204,0,0,0.408,1.532,0,0,0,0,0,0,0,0,1.554,0,0,0,0,0,0,0,0,0,0,0,0,0,0,0,0,0,0,0.408,0,0,0.183,0,0,0,0,0,0.308,0,0.487,0.487,0,0,0.609,0,0,0,0,0.51,0.487,1.756,1.756,1.756,1.656,0,1.756,1.656,1.656,1.756,1.756,1.656,1.756,1.756,1.656,0.183,0.244,0,0,0,0,0.365,0,0.365,0,0.204,0,0.408,0,0,0.365,0.365,0,0,0,0.365,0,1.147,0.306,0.408,0,0,0,0,0,0,0,1.634,0.487,1.656,0.204,0,0,0.365,1.452,0
58,1.391,0.357,0.597,1.342,0.244,0.597,2.906,0,1.487,0,0.146,0,0,0.195,0.291,2.89,0.233,0,0.111,0.291,0,1.438,0.291,1.278,1.452,0,0,0.055,0.291,1.438,1.209,0.357,0.291,0.244,0.771,0,0.195,1.787,0.244,0.244,0,0.146,0.291,1.619,0.291,2.009,1.893,1.284,0.235,2.213,0.137,0,1.202,1.43,1.902,2.184,3.254,1.875,1.991,1.756,1.756,0,3.012,1.984,2.166,3.411,1.999,3.476,3.476,3.097,1.82,1.893,1.479,1.479,0.214,1.479,2.039,1.479,0.826,0,0.542,0,1.771,0,0.357,2.006,1.973,0.291,0.244,0.389,2.006,1.438,2.293,0.448,0.624,0.389,0.422,0.244,0.357,0.184,1.293,0.291,3.298,2.151,3.04,1.5,0.244,0.175,2.006,2.768,1.39
59,1.515,0.146,0.448,1.147,0,0.675,2.771,0,1.256,0,0,0,0,0,0,2.946,0,0,0,0,0,1.147,0,1.453,1.457,0,0,0.122,0,1.147,1.285,0.146,0,0,0.713,0,0,1.622,0,0,0,0,0,1.686,0,1.999,1.999,1.452,0.306,2.121,0.306,0,1.269,1.452,1.656,1.999,2.902,1.756,1.756,1.656,1.656,3.012,0,1.84,1.756,3.122,1.656,3.268,3.268,2.803,1.695,1.756,1.452,1.452,0.231,1.452,1.878,1.452,0.621,0.023,0.341,0,1.86,0.015,0.146,1.805,1.731,0,0,0.219,1.805,1.147,2.293,0.489,0.713,0.219,0.292,0,0.146,0,1.147,0,3.11,1.926,3.109,1.626,0.038,0,1.805,2.844,1.147
60,0.4,0.384,0.54,0.161,1.376,1.795,1.671,0.091,0.379,0.091,0.149,0.091,0.038,0.161,0.251,1.833,0.26,0.029,0.098,0.183,0,0.251,0.274,0.311,0.42,1.192,0.038,0.092,1.329,1.329,0.104,1.439,1.421,1.3,1.933,1.147,1.269,0.676,0.153,0.229,0.091,0.149,0.251,0.482,0.274,1.981,1.908,1.376,1.437,2.14,1.376,1.147,0.092,1.468,1.748,2.091,1.902,1.756,1.829,1.656,1.656,1.984,1.84,0,1.939,2.103,1.809,2.304,2.281,1.779,1.786,1.893,0.352,1.498,1.389,0.352,2.015,1.498,1.974,1.242,1.672,0.096,1.879,1.242,1.553,2.006,1.928,1.421,1.376,0.439,1.914,1.398,1.147,0.482,1.86,1.585,0.493,1.338,1.439,1.262,1.238,1.329,3.297,2.127,1.886,1.61,0.153,0.224,2.028,1.693,1.3
61,0.801,0.888,0.548,0.682,0.743,0.707,1.745,0.655,1.019,0.655,0.621,0.655,0.439,0.682,0.888,1.634,0.684,0.249,0.47,0.757,0.249,1.019,0.888,0.655,0.874,0.524,0.329,0.329,1.019,0.757,0,0.364,1.019,0.633,0.67,0.249,0.244,1.238,0.633,0.633,0.655,0.621,0.888,0.368,1.019,0.728,0.582,0,0.122,0.946,0,0.439,0.439,0.402,1.121,1.602,2.559,1.875,2.02,1.756,1.756,2.166,1.756,1.939,0,2.239,2.06,2.239,2.239,2.548,0.582,0.655,0.463,0.244,0.387,0.463,0.801,0.244,1.456,0.439,0.987,0.439,0.816,0.329,1.019,1.456,1.325,1.019,0.853,1.019,1.456,1.019,1.478,0.914,0.487,1.019,0.888,0.743,1.019,0.562,0.621,0.888,2.748,1.602,1.756,0.682,0.743,0.218,1.456,1.951,0.743
62,1.489,0.495,0.767,1.39,0.305,0.707,2.975,0,1.609,0,0.183,0,0,0.244,0.364,3.0,0.291,0,0.138,0.364,0,1.511,0.364,1.409,1.627,0,0,0.11,0.364,1.511,1.271,0.495,0.364,0.305,0.944,0,0.244,1.991,0.305,0.305,0,0.183,0.364,1.722,0.364,2.202,2.057,1.421,0.396,2.421,0.274,0,1.256,1.604,1.939,2.421,3.313,1.875,2.02,1.756,1.756,3.411,3.122,2.103,2.239,0,2.06,3.713,3.713,3.146,2.057,2.13,1.664,1.664,0.345,1.664,2.275,1.664,0.997,0,0.658,0,1.908,0,0.495,2.21,2.144,0.364,0.305,0.561,2.21,1.511,2.293,0.53,0.761,0.561,0.626,0.305,0.495,0.23,1.329,0.364,3.502,2.355,3.177,1.61,0.305,0.218,2.21,2.878,1.451
63,0.122,0.305,0.459,0.204,0.255,0.408,1.647,0,0.305,0,0.153,0,0,0.204,0.305,1.554,0.244,0,0.116,0.305,0,0.305,0.305,0,0.183,0,0,0,0.305,0.305,0,0.305,0.305,0.255,0.561,0,0.204,0.487,0.255,0.255,0,0.153,0.305,0.308,0.305,0.609,0.487,0,0.102,0.792,0,0,0,0.153,0.662,0.792,1.999,1.756,1.878,1.656,1.656,1.999,1.656,1.809,2.06,2.06,0,2.06,2.06,1.86,0.487,0.548,0.204,0.204,0.116,0.204,0.67,0.204,0.67,0,0.459,0,0.408,0,0.305,0.67,0.67,0.305,0.255,0.305,0.67,0.305,1.147,0.306,0.408,0.305,0.305,0.255,0.305,0.193,0.153,0.305,1.939,0.792,1.656,0.204,0.255,0.183,0.67,1.452,0.255
64,3.131,0.874,0.914,1.512,0.548,2.182,3.03,0.291,2.039,0.291,0.365,0.291,0.122,0.365,0.582,4.597,1.802,0.092,0.23,0.364,0,1.729,1.802,1.875,3.24,0.146,0.122,0.183,0.364,1.511,1.354,0.582,0.655,0.305,1.31,0,0.244,2.457,0.305,0.548,0.291,0.365,0.582,1.86,0.655,2.421,2.275,1.604,0.579,2.639,0.457,0,1.329,1.786,1.939,2.639,3.313,1.875,2.02,1.756,1.756,3.476,3.268,2.304,2.239,3.713,2.06,0,5.297,3.146,2.275,2.494,1.847,1.847,0.483,1.847,2.639,1.847,2.639,1.451,0.975,1.451,3.542,1.451,2.093,3.822,3.64,0.655,0.548,0.983,2.384,1.729,2.293,0.761,1.188,0.983,1.092,0.426,0.582,0.23,1.329,0.364,5.187,3.968,3.359,1.999,0.305,1.729,3.895,3.207,1.451
65,3.04,0.801,0.914,1.482,0.487,2.136,3.03,0.218,1.948,0.218,0.32,0.218,0.091,0.335,0.528,4.521,1.711,0.069,0.207,0.364,0,1.675,1.729,1.802,3.167,0.109,0.091,0.183,0.364,1.511,1.354,0.582,0.582,0.305,1.264,0,0.244,2.384,0.305,0.487,0.218,0.32,0.528,1.86,0.582,2.421,2.275,1.604,0.579,2.639,0.457,0,1.329,1.786,1.939,2.639,3.313,1.875,2.02,1.756,1.756,3.476,3.268,2.281,2.239,3.713,2.06,5.297,0,3.146,2.275,2.457,1.847,1.847,0.483,1.847,2.603,1.847,2.548,1.375,0.914,1.375,3.466,1.375,2.002,3.749,3.586,0.582,0.487,0.91,2.384,1.675,2.293,0.731,1.127,0.91,1.019,0.396,0.582,0.23,1.329,0.364,5.096,3.895,3.359,1.939,0.305,1.638,3.804,3.161,1.451
112,2.776,1.568,0.905,2.319,1.213,0.912,2.771,1.508,2.898,1.508,1.231,1.508,1.108,1.172,1.568,2.9,1.099,0.572,0.78,1.386,0.572,2.898,1.568,2.654,2.8,1.325,0.856,0.856,1.751,2.532,1.372,0.838,1.751,1.06,0.828,0.572,0.561,3.081,1.06,1.06,1.508,1.131,1.45,1.605,1.751,2.088,1.872,1.445,0.28,1.902,0.298,1.108,2.156,1.972,2.535,3.385,3.646,1.756,1.853,1.656,1.656,3.097,2.803,1.779,2.548,3.146,1.86,3.146,3.146,0,1.573,1.634,1.616,1.608,0.439,1.616,1.756,1.608,2.117,1.009,1.417,1.009,2.411,0.757,1.632,3.263,2.962,1.632,1.366,1.751,3.145,2.779,2.981,1.468,0.706,1.751,1.568,1.213,1.751,0.917,2.278,1.568,4.532,3.385,3.002,2.36,1.213,0.384,3.263,3.608,1.962
66,2.665,1.729,0.743,2.537,1.451,2.805,1.561,1.147,1.675,1.147,1.329,0,1.147,0.244,1.511,1.658,0.291,0,0.138,1.511,1.147,2.657,1.511,2.73,1.802,2.293,1.147,0.183,2.657,3.804,2.501,2.876,1.511,2.598,3.079,1.147,1.39,2.013,1.451,1.451,0,0.183,0.364,1.603,1.511,3.16,3.014,2.75,1.725,3.276,2.75,2.293,1.329,2.933,2.659,4.525,1.656,0.218,0.364,0.183,0.183,1.82,1.695,1.786,0.582,2.057,0.487,2.275,2.275,1.573,0,3.291,2.994,2.994,2.777,2.994,3.334,2.994,3.116,1.147,1.707,1.147,2.896,1.147,2.876,3.225,4.263,2.657,2.598,0.692,4.372,3.804,1.147,1.53,2.896,1.838,0.801,2.598,2.876,2.524,3.623,2.657,4.416,4.416,1.786,3.879,0.305,0.218,4.372,1.622,3.745
67,1.715,0.728,0.767,1.451,2.72,1.798,1.607,0.146,1.857,0.146,0.274,0.146,0.061,0.305,0.473,1.859,0.473,0.046,0.184,0.364,0,1.62,0.51,1.729,1.948,1.219,0.061,0.183,1.511,2.657,1.354,1.729,1.656,1.451,2.073,1.147,1.39,3.327,0.305,0.426,0.146,0.274,0.473,2.786,0.51,3.218,3.072,2.75,1.725,3.349,1.604,1.147,1.329,2.933,2.72,3.436,1.729,0.291,0.437,0.244,0.244,1.893,1.756,1.893,0.655,2.13,0.548,2.494,2.457,1.634,3.291,0,1.847,2.994,1.63,1.847,3.451,2.994,3.342,1.299,1.853,0.152,3.097,1.299,1.911,3.415,3.269,1.656,1.573,1.984,3.269,2.767,1.147,1.628,1.92,3.131,0.946,1.512,1.729,1.377,2.476,1.511,4.656,3.473,1.847,2.878,0.305,0.4,4.598,1.75,2.598
68,2.933,1.865,0.51,2.701,0.448,1.575,1.355,1.512,1.893,1.512,1.514,0.365,1.391,0.408,1.683,1.452,0.414,0.139,0.277,1.61,1.285,2.902,1.683,3.024,2.024,1.439,1.33,0.336,1.756,2.756,2.467,1.573,0.609,1.534,1.651,0.139,0.163,2.121,1.534,1.534,0.365,0.367,0.536,1.436,1.756,1.701,1.604,1.529,0.464,1.75,1.529,1.391,1.544,1.774,1.452,3.359,1.561,0,0.097,0,0,1.479,1.452,0.352,0.463,1.664,0.204,1.847,1.847,1.616,2.994,1.847,0,1.692,1.667,2.961,1.847,1.692,2.03,0.245,0.601,1.391,1.712,0.183,1.939,2.121,3.103,1.756,1.656,0.883,3.268,2.902,1.332,1.682,1.529,0.883,0.901,1.595,1.939,1.486,2.66,1.683,3.268,3.268,1.529,2.844,0.448,0.146,3.268,1.697,2.742
69,2.015,1.02,1.006,1.707,1.748,1.651,1.355,0.594,2.121,0.594,0.619,0.594,0.497,0.561,0.838,1.651,0.551,0.225,0.318,0.838,0.225,1.984,0.838,2.106,2.252,1.741,0.397,0.55,1.984,3.131,1.545,2.167,1.984,1.748,1.949,1.372,1.707,2.35,0.601,0.601,0.594,0.52,0.719,1.586,0.838,3.204,2.988,2.974,1.809,2.896,1.827,1.644,1.697,3.195,2.714,3.588,1.342,0,0.097,0,0,1.479,1.452,1.498,0.244,1.664,0.204,1.847,1.847,1.608,2.994,2.994,1.692,0,1.528,1.692,2.994,3.137,2.258,1.544,1.901,0.397,3.073,1.445,2.048,3.496,3.286,1.865,1.748,1.112,3.378,3.012,1.372,0.627,1.827,2.258,1.203,1.748,2.167,1.601,2.813,1.984,3.496,3.496,1.728,2.997,0.601,0.384,3.496,1.85,2.497
70,1.768,1.754,0.347,1.517,1.54,2.663,0.14,1.561,0.656,1.561,1.493,0.414,1.424,0.37,1.616,0.231,0.359,0.157,0.262,1.533,1.304,1.699,1.616,1.837,0.774,2.625,1.355,0.324,2.846,2.68,1.278,2.57,1.699,2.617,2.652,1.304,1.239,0.829,1.47,1.47,0.414,0.347,0.47,0.218,1.699,1.547,1.492,1.436,1.482,1.575,2.582,2.571,0.393,1.644,1.424,3.191,0.359,0,0.055,0,0,0.214,0.231,1.389,0.387,0.345,0.116,0.483,0.483,0.439,2.777,1.63,1.667,1.528,0,1.667,1.63,1.528,3.053,1.424,1.655,1.424,1.644,1.355,2.984,1.975,2.97,2.846,2.756,0.76,3.122,2.846,0.21,1.667,2.582,1.906,0.746,2.686,2.984,2.59,2.64,2.763,3.122,3.122,0.289,2.802,0.393,0.083,3.122,0.509,2.686
71,2.933,1.865,0.51,2.701,0.448,1.575,1.355,1.512,1.893,1.512,1.514,0.365,1.391,0.408,1.683,1.452,0.414,0.139,0.277,1.61,1.285,2.902,1.683,3.024,2.024,1.439,1.33,0.336,1.756,2.756,2.467,1.573,0.609,1.534,1.651,0.139,0.163,2.121,1.534,1.534,0.365,0.367,0.536,1.436,1.756,1.701,1.604,1.529,0.464,1.75,1.529,1.391,1.544,1.774,1.452,3.359,1.561,0,0.097,0,0,1.479,1.452,0.352,0.463,1.664,0.204,1.847,1.847,1.616,2.994,1.847,2.961,1.692,1.667,0,1.847,1.692,2.03,0.245,0.601,1.391,1.712,0.183,1.939,2.121,3.103,1.756,1.656,0.883,3.268,2.902,1.332,1.682,1.529,0.883,0.901,1.595,1.939,1.486,2.66,1.683,3.268,3.268,1.529,2.844,0.448,0.146,3.268,1.697,2.742
72,1.744,0.728,0.816,1.451,1.573,1.896,1.699,0.146,1.857,0.146,0.274,0.146,0.061,0.305,0.473,1.957,0.473,0.046,0.184,0.364,0,1.62,0.51,1.729,1.948,1.219,0.061,0.183,1.511,2.657,1.354,1.729,1.656,1.451,2.17,1.147,1.39,2.224,0.305,0.426,0.146,0.274,0.473,1.713,0.51,3.334,3.189,2.75,1.725,3.495,1.604,1.147,1.329,2.933,2.842,3.553,1.875,0.437,0.582,0.365,0.365,2.039,1.878,2.015,0.801,2.275,0.67,2.639,2.603,1.756,3.334,3.451,1.847,2.994,1.63,1.847,0,2.994,2.282,1.299,1.902,0.152,3.195,1.299,1.911,3.502,3.356,1.656,1.573,0.837,3.356,2.767,1.147,0.554,2.018,1.984,0.946,1.512,1.729,1.377,2.476,1.511,3.626,3.589,1.969,2.927,0.305,0.4,3.538,1.823,2.598
73,2.015,1.02,1.006,1.707,1.748,1.651,1.355,0.594,2.121,0.594,0.619,0.594,0.497,0.561,0.838,1.651,0.551,0.225,0.318,0.838,0.225,1.984,0.838,2.106,2.252,1.741,0.397,0.55,1.984,3.131,1.545,2.167,1.984,1.748,1.949,1.372,1.707,2.35,0.601,0.601,0.594,0.52,0.719,1.586,0.838,3.204,2.988,2.974,1.809,2.896,1.827,1.644,1.697,3.195,2.714,3.588,1.342,0,0.097,0,0,1.479,1.452,1.498,0.244,1.664,0.204,1.847,1.847,1.608,2.994,2.994,1.692,3.137,1.528,1.692,2.994,0,2.258,1.544,1.901,0.397,3.073,1.445,2.048,3.496,3.286,1.865,1.748,1.112,3.378,3.012,1.372,0.627,1.827,2.258,1.203,1.748,2.167,1.601,2.813,1.984,3.496,3.496,1.728,2.997,0.601,0.384,3.496,1.85,2.497
74,7.688,5.209,2.806,4.212,5.572,7.308,0.497,3.786,4.339,3.786,3.279,2.639,3.02,1.919,4.987,2.435,3.258,0.978,1.255,3.349,2.01,5.205,5.078,5.238,5.471,5.679,2.639,2.596,6.079,4.496,1.72,3.971,5.296,3.938,5.012,2.01,2.182,4.543,2.791,3.096,2.639,1.934,2.457,1.874,4.15,3.826,3.444,2.015,1.939,3.276,3.161,4.014,1.632,2.761,2.837,5.609,1.383,0.437,0.582,0.365,0.365,0.826,0.621,1.974,1.456,0.997,0.67,2.639,2.548,2.117,3.116,3.342,2.03,2.258,3.053,2.03,2.282,2.258,0,5.417,4.73,4.197,5.727,5.012,7.575,6.967,7.502,6.207,4.608,4.346,5.22,4.969,1.001,4.535,3.758,5.493,4.193,5.42,5.063,3.675,5.146,5.861,10.702,8.201,1.035,5.73,3.096,3.44,9.352,2.19,4.476
75,4.252,1.681,0.662,1.147,2.421,4.187,0,1.827,1.903,1.827,1.343,1.827,1.279,1.147,1.605,1.73,2.441,0.674,0.767,1.23,0.578,1.751,2.828,1.855,3.011,2.676,1.024,0.897,2.669,2.377,0.3,1.939,2.974,2.044,1.735,1.725,1.677,1.827,0.897,1.152,1.827,1.21,1.447,0.2,1.827,1.622,1.463,1.544,1.412,1.147,1.544,2.298,1.019,1.921,1.911,2.669,0.439,0,0,0,0,0,0.023,1.242,0.439,0,0,1.451,1.375,1.009,1.147,1.299,0.245,1.544,1.424,0.245,1.299,1.544,5.417,0,2.451,2.484,4.656,4.554,4.038,4.121,3.74,2.816,2.543,1.827,2.511,2.739,0.67,1.269,1.799,2.974,1.681,2.293,2.669,1.917,2.166,2.523,5.417,4.121,0.265,2.482,2.242,1.844,4.197,1.21,1.636
76,3.169,3.145,2.268,2.472,3.771,3.272,0.316,1.766,3.333,1.766,1.457,1.766,1.254,1.325,3.011,0.805,1.462,0.655,0.863,1.535,0.578,3.157,1.925,3.078,3.266,3.792,0.999,2.105,4.121,2.682,0.37,2.316,4.364,2.298,3.313,1.725,1.881,2.29,1.152,1.356,1.766,1.325,1.705,0.439,2.071,3.268,2.988,1.697,1.666,2.902,1.697,2.298,1.08,2.227,2.268,3.352,0.926,0.244,0.365,0.204,0.204,0.542,0.341,1.672,0.987,0.658,0.459,0.975,0.914,1.417,1.707,1.853,0.601,1.901,1.655,0.601,1.902,1.901,4.73,2.451,0,1.274,2.614,2.186,4.34,4.657,4.255,4.206,2.747,2.181,3.108,2.998,0.67,1.457,2.064,3.327,3.218,3.669,3.047,2.11,3.465,3.975,4.815,4.705,0.622,3.761,1.325,1.951,4.718,1.417,3.037
77,4.197,2.828,0.662,2.293,1.274,2.994,0,2.974,1.903,2.974,2.49,1.827,2.426,1.147,2.752,1.73,2.441,0.674,0.767,2.377,1.725,2.898,3.975,2.974,2.974,2.676,2.171,0.897,2.669,2.377,1.447,1.939,1.827,2.044,1.735,0.578,0.53,1.827,2.044,2.298,1.827,1.21,1.447,0.2,2.974,0.475,0.317,0.397,0.265,0,1.544,2.298,1.019,0.775,0.764,2.669,0.439,0,0,0,0,0,0,0.096,0.439,0,0,1.451,1.375,1.009,1.147,0.152,1.391,0.397,1.424,1.391,0.152,0.397,4.197,2.484,1.274,0,2.362,2.23,4.038,2.974,3.74,2.816,2.543,1.827,2.511,2.739,0.67,2.416,1.799,1.827,1.681,2.293,2.669,1.917,2.166,2.523,4.197,4.121,0.265,2.421,1.019,1.844,4.197,1.21,1.636
78,5.532,1.718,1.131,2.171,2.298,4.712,1.57,1.645,3.004,1.645,1.221,1.645,1.157,1.024,1.459,3.509,2.331,0.605,0.674,1.121,0.509,2.715,2.682,3.157,4.303,2.529,0.933,0.958,2.487,3.414,1.621,2.121,2.791,1.952,2.444,1.655,1.677,3.303,0.805,1.06,1.645,1.088,1.3,1.882,1.645,3.615,3.457,3.073,1.794,3.237,1.926,2.176,2.196,3.389,3.374,4.48,1.963,0.487,0.487,0.408,0.408,1.771,1.86,1.879,0.816,1.908,0.408,3.542,3.466,2.411,2.896,3.097,1.712,3.073,1.644,1.712,3.195,3.073,5.727,4.656,2.614,2.362,0,4.431,4.038,5.742,5.307,2.633,2.39,1.919,4.133,3.703,1.725,1.59,2.507,3.065,1.9,2.171,2.669,1.825,3.19,2.377,7.063,5.84,2.202,3.914,2.044,1.844,5.819,2.785,2.66
79,3.853,1.337,0.497,0.892,2.166,4.044,0,1.447,1.523,1.447,1.055,1.447,0.991,0.892,1.261,1.664,2.213,0.53,0.599,0.923,0.433,1.37,2.484,1.465,2.618,2.331,0.8,0.673,2.289,2.069,0.225,1.741,2.593,1.819,1.636,1.58,1.544,1.447,0.673,0.927,1.447,0.956,1.142,0.15,1.447,1.503,1.384,1.445,1.345,1.147,1.445,2.01,0.764,1.728,1.72,2.289,0.329,0,0,0,0,0,0.015,1.242,0.329,0,0,1.451,1.375,0.757,1.147,1.299,0.183,1.445,1.355,0.183,1.299,1.445,5.012,4.554,2.186,2.23,4.431,0,3.697,3.74,3.435,2.475,2.258,1.447,2.17,2.398,0.503,0.984,1.7,2.593,1.337,2.039,2.289,1.725,1.911,2.179,5.012,3.74,0.199,2.207,1.962,1.765,3.816,0.956,1.514
80,6.065,4.929,2.389,4.054,4.267,5.644,0.193,3.549,4.07,3.549,3.081,2.402,2.822,1.76,4.75,1.99,3.116,0.889,1.165,3.112,1.92,4.969,4.841,4.871,5.089,5.442,2.481,2.401,5.843,4.259,1.589,3.691,5.06,3.78,4.509,1.92,2.024,2.941,2.633,2.937,2.402,1.776,2.268,0.378,3.913,3.225,2.89,1.805,1.768,2.73,2.951,3.816,1.437,2.511,2.353,4.914,0.946,0,0.146,0,0,0.357,0.146,1.553,1.019,0.495,0.305,2.093,2.002,1.632,2.876,1.911,1.939,2.048,2.984,1.939,1.911,2.048,7.575,4.038,4.34,4.038,4.038,3.697,0,6.381,6.986,6.017,4.45,2.897,4.681,4.78,0.912,2.956,3.256,4.044,3.869,5.261,4.783,3.555,4.987,5.624,7.619,7.528,0.499,5.255,1.669,3.345,7.619,1.739,4.476
81,6.429,4.033,2.88,4.182,4.364,4.969,1.672,3.713,6.574,3.713,3.233,3.713,2.989,3.035,4.932,3.579,4.314,2.102,2.378,3.349,0.863,6.298,5.005,5.209,6.574,4.496,1.462,2.633,4.932,4.496,1.761,2.868,6.37,2.791,3.911,2.01,2.182,5.704,1.645,3.035,3.713,3.035,3.549,1.943,4.077,5.082,4.7,3.253,2.03,4.532,2.106,2.867,2.816,3.999,3.984,5.719,2.53,0.437,0.582,0.365,0.365,2.006,1.805,2.006,1.456,2.21,0.67,3.822,3.749,3.263,3.225,3.415,2.121,3.496,1.975,2.121,3.502,3.496,6.967,4.121,4.657,2.974,5.742,3.74,6.381,0,8.66,4.987,3.4,3.192,5.307,4.914,2.148,3.413,2.642,4.339,4.208,4.243,3.96,2.528,6.292,5.861,9.435,9.363,2.274,6.792,1.827,3.349,9.348,4.511,5.622
82,6.964,4.652,2.609,4.993,3.999,5.845,1.644,4.332,5.995,4.332,3.99,3.185,3.761,2.7,5.613,3.35,3.95,1.906,2.155,4.128,1.837,6.935,5.668,5.741,5.959,5.195,2.31,2.328,5.624,5.275,2.777,3.735,5.843,3.67,4.801,1.837,2.024,5.089,2.523,3.853,3.185,2.685,3.131,1.814,4.696,4.831,4.496,3.043,1.859,4.423,3.043,3.67,2.475,3.676,3.755,6.301,2.399,0.437,0.582,0.365,0.365,1.973,1.731,1.928,1.325,2.144,0.67,3.64,3.586,2.962,4.263,3.269,3.103,3.286,2.97,3.103,3.356,3.286,7.502,3.74,4.255,3.74,5.307,3.435,6.986,8.66,0,5.653,4.145,2.599,5.959,5.599,1.948,4.133,3.518,3.746,3.637,5.054,4.608,3.444,7.134,6.596,9.949,9.894,2.103,7.5,1.523,3.163,9.861,4.087,6.623
109,4.696,4.769,2.243,4.023,4.206,4.305,0.138,3.476,3.913,3.476,3.035,2.33,2.791,1.73,4.696,0.621,1.878,0.866,1.142,3.112,1.92,4.914,3.622,4.623,3.695,5.406,2.45,2.328,5.843,4.259,1.506,3.604,4.987,3.78,4.281,1.92,2.024,2.694,2.633,2.877,2.33,1.73,2.213,0.239,3.84,3.007,2.672,1.622,1.585,2.512,2.768,3.816,1.364,2.328,2.353,4.696,0.946,0,0.146,0,0,0.291,0,1.421,1.019,0.364,0.305,0.655,0.582,1.632,2.657,1.656,1.756,1.865,2.846,1.756,1.656,1.865,6.207,2.816,4.206,2.816,2.633,2.475,6.017,4.987,5.653,0,4.389,2.694,4.507,4.725,0.912,2.816,3.012,3.84,3.622,5.231,4.696,3.555,4.987,5.624,6.207,6.134,0.317,5.048,1.669,2.108,6.207,1.547,4.476
110,3.157,3.218,0.917,2.594,2.747,3.017,0.116,3.096,2.315,3.096,2.726,1.949,2.523,1.447,3.157,0.52,1.571,0.724,0.955,2.791,1.794,3.339,3.218,3.096,2.132,3.938,2.237,0.989,4.303,3.938,1.447,3.39,3.4,3.537,2.997,1.794,1.881,2.254,2.39,2.594,1.949,1.447,1.852,0.2,3.4,1.744,1.463,1.544,1.514,1.329,2.691,3.567,1.142,2.135,2.156,4.303,0.792,0,0.122,0,0,0.244,0,1.376,0.853,0.305,0.255,0.548,0.487,1.366,2.598,1.573,1.656,1.748,2.756,1.656,1.573,1.748,4.608,2.543,2.747,2.543,2.39,2.258,4.45,3.4,4.145,4.389,0,2.254,4.145,4.328,0.763,2.543,2.895,3.4,2.071,3.792,4.303,3.349,3.588,4.121,4.608,4.547,0.265,3.639,1.396,0.804,4.608,1.294,3.16
83,2.836,2.843,1.514,1.888,3.218,1.163,0.221,2.566,3.101,2.566,2.086,2.566,1.843,1.888,2.639,0.92,2.02,0.955,1.232,2.202,0.863,2.857,2.712,2.828,3.047,2.202,1.462,1.45,2.639,2.202,0.573,1.678,2.93,1.645,1.233,0.863,1.035,4.339,1.645,1.888,2.566,1.888,2.402,1.653,2.93,1.183,0.801,0.868,0.792,0.546,0.868,1.721,1.632,1.614,1.325,2.967,0.946,0,0.146,0,0,0.389,0.219,0.439,1.019,0.561,0.305,0.983,0.91,1.751,0.692,1.984,0.883,1.112,0.76,0.883,0.837,1.112,4.346,1.827,2.181,1.827,1.919,1.447,2.897,3.192,2.599,2.694,2.254,0,2.665,2.621,1.001,3.138,1.112,4.274,2.974,1.949,2.77,1.381,1.705,2.421,4.412,3.192,0.67,1.986,1.827,1.056,4.412,1.925,1.035
84,4.681,3.505,1.535,3.901,2.816,3.56,1.672,3.185,3.68,3.185,2.852,2.038,2.669,1.608,3.331,2.048,1.514,0.774,1.05,3.112,1.92,4.696,3.331,4.681,3.753,4.113,2.328,1.328,4.696,5.406,2.818,3.779,3.549,3.78,3.609,1.92,2.024,4.03,2.633,2.633,2.038,1.547,1.995,1.883,3.549,3.793,3.458,3.134,1.951,3.385,3.134,3.816,2.657,3.841,3.865,6.629,2.53,0.437,0.582,0.365,0.365,2.006,1.805,1.914,1.456,2.21,0.67,2.384,2.384,3.145,4.372,3.269,3.268,3.378,3.122,3.268,3.356,3.378,5.22,2.511,3.108,2.511,4.133,2.17,4.681,5.307,5.959,4.507,4.145,2.665,0,5.653,2.058,3.132,3.426,3.811,2.533,3.962,4.871,3.555,4.987,4.477,6.541,6.541,2.194,5.243,1.669,0.597,6.454,3.023,4.476
85,4.605,3.549,1.096,3.993,2.998,3.113,1.285,3.404,3.822,3.404,2.989,2.257,2.761,1.699,3.495,1.692,1.787,0.843,1.119,3.112,1.92,4.86,3.549,4.55,3.622,4.223,2.42,1.182,4.696,5.406,2.653,3.604,3.768,3.78,3.088,1.92,2.024,3.768,2.633,2.816,2.257,1.684,2.159,1.386,3.768,3.007,2.672,2.768,1.585,2.512,2.768,3.816,2.511,3.475,3.499,5.843,2.093,0,0.146,0,0,1.438,1.147,1.398,1.019,1.511,0.305,1.729,1.675,2.779,3.804,2.767,2.902,3.012,2.846,2.902,2.767,3.012,4.969,2.739,2.998,2.739,3.703,2.398,4.78,4.914,5.599,4.725,4.328,2.621,5.653,0,2.058,2.785,2.951,3.768,2.402,4.054,4.696,3.555,4.987,4.477,6.116,6.061,1.463,4.987,1.669,0.87,6.116,2.648,4.476
86,2.148,0.891,0.376,1.817,0.67,0.335,2.293,1.001,2.148,1.001,0.745,1.001,0.745,0.67,0.891,2.444,0.601,0.38,0.45,0.78,0.38,2.148,0.891,2.148,2.148,0.891,0.578,0.578,1.001,1.927,1.317,0.449,1.001,0.578,0.225,0.38,0.3,2.148,0.578,0.578,1.001,0.67,0.801,1.26,1.001,1.416,1.326,1.372,0.15,1.147,0.225,0.745,1.817,1.632,1.649,2.148,2.625,1.147,1.147,1.147,1.147,2.293,2.293,1.147,1.478,2.293,1.147,2.293,2.293,2.981,1.147,1.147,1.332,1.372,0.21,1.332,1.147,1.372,1.001,0.67,0.67,0.67,1.725,0.503,0.912,2.148,1.948,0.912,0.763,1.001,2.058,2.058,0,0.763,0.225,1.001,0.891,0.67,1.001,0.507,1.817,0.891,3.295,2.148,2.444,1.817,0.67,0.18,2.148,2.964,1.517
87,3.242,2.901,0.968,2.339,2.39,2.222,0.3,4.121,3.087,4.121,3.644,2.974,3.618,2.339,3.908,0.82,2.322,1.832,1.948,3.633,1.794,4.09,3.938,3.193,2.047,2.73,2.186,1.08,2.852,2.487,1.551,2.048,2.974,2.135,2.095,0.647,0.53,4.45,2.135,3.384,2.974,2.365,2.602,1.705,4.121,1.042,0.883,0.627,0.494,0.64,1.774,2.421,1.233,1.065,1.162,3.419,0.914,0.365,0.365,0.306,0.306,0.448,0.489,0.482,0.914,0.53,0.306,0.761,0.731,1.468,1.53,1.628,1.682,0.627,1.667,1.682,0.554,0.627,4.535,1.269,1.457,2.416,1.59,0.984,2.956,3.413,4.133,2.816,2.543,3.138,3.132,2.785,0.763,0,2.12,3.138,1.864,2.339,2.962,2.01,3.435,3.816,5.809,4.632,0.8,3.843,1.142,0.469,5.736,2.732,2.905
88,2.417,2.167,0.966,1.646,1.748,3.277,0.424,1.984,1.035,1.984,1.796,0.838,1.745,0.499,1.923,1.085,0.661,0.302,0.302,1.741,1.372,1.923,1.984,2.35,1.203,3.009,1.646,0.55,2.887,2.887,1.545,3.07,1.984,2.691,3.453,1.372,1.544,1.349,1.544,1.748,0.838,0.55,0.658,0.686,1.984,2.35,2.231,1.827,1.728,2.091,2.974,2.79,0.55,1.926,1.853,3.734,0.487,0.487,0.487,0.408,0.408,0.624,0.713,1.86,0.487,0.761,0.408,1.188,1.127,0.706,2.896,1.92,1.529,1.827,2.582,1.529,2.018,1.827,3.758,1.799,2.064,1.799,2.507,1.7,3.256,2.642,3.518,3.012,2.895,1.112,3.426,2.951,0.225,2.12,0,2.258,1.203,2.793,3.07,2.594,2.691,2.887,3.947,3.886,0.989,3.364,0.397,0.542,3.85,1.101,2.293
108,2.836,2.843,1.514,1.888,4.364,2.31,0.221,2.566,3.101,2.566,2.086,2.566,1.843,1.888,2.639,0.92,2.02,0.955,1.232,2.202,0.863,2.857,2.712,2.828,3.047,3.349,1.462,1.45,3.786,3.349,0.573,2.825,4.077,2.791,2.38,2.01,2.182,4.339,1.645,1.888,2.566,1.888,2.402,1.653,2.93,2.33,1.948,2.015,1.939,1.693,2.015,2.867,1.632,2.761,2.471,4.113,0.946,0,0.146,0,0,0.389,0.219,1.585,1.019,0.561,0.305,0.983,0.91,1.751,1.838,3.131,0.883,2.258,1.906,0.883,1.984,2.258,5.493,2.974,3.327,1.827,3.065,2.593,4.044,4.339,3.746,3.84,3.4,4.274,3.811,3.768,1.001,3.138,2.258,0,2.974,3.096,3.917,2.528,2.852,3.567,5.559,4.339,0.67,3.132,1.827,1.056,5.559,1.925,2.182
89,3.829,3.859,2.733,2.889,3.071,2.31,0.249,2.348,4.062,2.348,1.94,2.348,1.696,1.742,3.611,0.993,1.889,0.873,1.121,2.071,0.78,3.786,2.537,3.844,4.062,3.174,1.352,2.523,3.567,2.071,0.615,1.722,3.859,1.535,2.471,0.78,1.035,3.061,1.535,1.779,2.348,1.742,2.228,0.576,2.712,2.439,2.057,0.959,0.883,1.802,0.959,1.575,1.523,1.632,1.215,2.857,0.815,0,0.146,0,0,0.422,0.292,0.493,0.888,0.626,0.305,1.092,1.019,1.568,0.801,0.946,0.901,1.203,0.746,0.901,0.946,1.203,4.193,1.681,3.218,1.681,1.9,1.337,3.869,4.208,3.637,3.622,2.071,2.974,2.533,2.402,0.891,1.864,1.203,2.974,0,2.95,2.595,1.271,2.706,3.393,4.281,4.208,0.761,3.059,1.681,2.202,4.281,1.852,2.036
90,3.968,4.096,2.064,3.567,3.669,4.026,0.116,2.791,3.126,2.791,2.528,1.645,2.349,1.274,4.066,0.392,1.31,0.616,0.824,2.682,1.725,4.212,2.95,3.938,2.974,4.878,2.095,2.044,5.267,3.828,1.447,3.39,4.243,3.445,4.067,1.725,1.881,1.949,2.298,2.4,1.645,1.249,1.614,0.2,3.096,2.89,2.61,1.544,1.514,2.476,2.691,3.445,1.019,2.074,2.064,4.121,0.682,0,0.122,0,0,0.244,0,1.338,0.743,0.305,0.255,0.426,0.396,1.213,2.598,1.512,1.595,1.748,2.686,1.595,1.512,1.748,5.42,2.293,3.669,2.293,2.171,2.039,5.261,4.243,5.054,5.231,3.792,1.949,3.962,4.054,0.67,2.339,2.793,3.096,2.95,0,4.121,3.256,4.612,5.121,5.42,5.389,0.265,4.561,1.274,1.798,5.42,1.096,4.184
91,3.553,3.655,1.441,2.913,2.974,3.201,0.193,3.422,2.705,3.422,3.05,2.275,2.867,1.766,3.567,0.542,1.656,0.863,1.14,3.349,2.01,3.786,3.567,3.596,2.668,4.35,2.487,1.413,4.932,4.496,1.678,3.928,3.786,3.938,3.253,2.01,2.182,2.814,2.791,2.791,2.275,1.705,2.184,0.437,3.786,2.221,1.838,1.923,1.847,1.584,3.07,4.014,1.596,2.669,2.471,5.151,0.946,0,0.146,0,0,0.357,0.146,1.439,1.019,0.495,0.305,0.582,0.582,1.751,2.876,1.729,1.939,2.167,2.984,1.939,1.729,2.167,5.063,2.669,3.047,2.669,2.669,2.289,4.783,3.96,4.608,4.696,4.303,2.77,4.871,4.696,1.001,2.962,3.07,3.917,2.595,4.121,0,3.675,3.999,4.714,5.107,5.107,0.579,3.962,1.827,0.692,5.107,1.669,3.329
92,2.298,2.417,0.693,2.071,2.11,2.679,0.087,2.298,1.381,2.298,2.133,1.151,2.017,0.925,2.417,0.2,0.875,0.437,0.594,2.307,1.584,2.528,2.417,2.298,1.289,3.334,1.825,0.678,3.675,3.454,1.374,3.122,2.528,3.164,2.709,1.584,1.701,1.381,2.017,2.017,1.151,0.886,1.151,0.151,2.528,1.598,1.386,1.447,1.424,1.285,2.594,3.164,0.77,1.848,1.84,3.675,0.516,0,0.092,0,0,0.184,0,1.262,0.562,0.23,0.193,0.23,0.23,0.917,2.524,1.377,1.486,1.601,2.59,1.486,1.377,1.601,3.675,1.917,2.11,1.917,1.825,1.725,3.555,2.528,3.444,3.555,3.349,1.381,3.555,3.555,0.507,2.01,2.594,2.528,1.271,3.256,3.675,0,3.179,3.564,3.675,3.675,0.2,3.064,0.963,0.378,3.675,0.77,2.856
93,4.963,3.853,1.962,4.582,3.465,3.95,1.216,3.816,5.146,3.816,3.537,2.669,3.445,2.288,4.999,1.412,2.207,1.725,1.886,3.707,1.725,6.292,3.853,4.963,3.926,4.817,2.044,2.044,5.146,4.853,2.594,3.268,5.146,3.343,3.929,1.725,1.799,3.999,2.196,3.343,2.669,2.258,2.548,1.347,3.999,3.988,3.757,2.691,1.473,3.55,2.691,3.445,2.166,3.16,3.15,5.146,1.731,0,0.073,0,0,1.293,1.147,1.238,0.621,1.329,0.153,1.329,1.329,2.278,3.623,2.476,2.66,2.813,2.64,2.66,2.476,2.813,5.146,2.166,3.465,2.166,3.19,1.911,4.987,6.292,7.134,4.987,3.588,1.705,4.987,4.987,1.817,3.435,2.691,2.852,2.706,4.612,3.999,3.179,0,6.146,7.439,7.439,1.412,6.753,1.172,1.573,7.439,3.313,6.376
94,4.35,4.539,2.441,3.914,3.975,4.128,0.138,4.35,4.714,4.35,4.051,3.203,3.868,2.767,5.686,0.396,2.672,1.927,2.176,4.365,1.927,5.861,4.539,4.35,3.422,5.322,2.377,2.377,5.861,4.365,1.596,3.84,5.861,3.828,4.217,1.927,2.182,3.567,2.682,3.828,3.203,2.706,3.156,0.299,4.714,3.149,2.767,1.741,1.664,2.512,2.887,3.868,1.377,2.414,2.362,4.714,0.815,0,0.146,0,0,0.291,0,1.329,0.888,0.364,0.305,0.364,0.364,1.568,2.657,1.511,1.683,1.984,2.763,1.683,1.511,1.984,5.861,2.523,3.975,2.523,2.377,2.179,5.624,5.861,6.596,5.624,4.121,2.421,4.477,4.477,0.891,3.816,2.887,3.567,3.393,5.121,4.714,3.564,6.146,0,7.007,7.007,0.396,5.963,1.681,1.838,7.007,2.523,5.476
95,8.929,5.253,2.928,5.359,5.572,7.479,2.91,4.932,6.665,4.932,4.425,3.786,4.166,3.065,6.134,4.899,4.405,2.125,2.401,4.496,2.01,7.499,6.225,6.472,6.705,5.679,2.639,2.633,6.079,5.642,2.908,4.015,6.443,3.938,5.2,2.01,2.182,6.967,2.791,4.243,3.786,3.081,3.604,3.164,5.296,5.198,4.816,3.253,2.03,4.678,3.253,4.014,2.816,3.999,4.105,6.982,3.822,1.729,1.875,1.634,1.634,3.298,3.11,3.297,2.748,3.502,1.939,5.187,5.096,4.532,4.416,4.656,3.268,3.496,3.122,3.268,3.626,3.496,10.702,5.417,4.815,4.197,7.063,5.012,7.619,9.435,9.949,6.207,4.608,4.412,6.541,6.116,3.295,5.809,3.947,5.559,4.281,5.42,5.107,3.675,7.439,7.007,0,10.699,3.542,8.146,3.096,3.44,11.82,5.776,6.769
96,7.604,5.18,2.928,5.328,4.364,6.213,1.764,4.86,6.574,4.86,4.38,3.713,4.136,3.035,6.079,3.676,4.314,2.102,2.378,4.496,2.01,7.444,6.152,6.356,6.574,5.642,2.609,2.633,6.079,5.642,2.908,4.015,6.37,3.938,5.155,2.01,2.182,5.748,2.791,4.182,3.713,3.035,3.549,2.017,5.224,5.198,4.816,3.253,2.03,4.678,3.253,4.014,2.816,3.999,4.105,6.982,2.676,0.582,0.728,0.487,0.487,2.151,1.926,2.127,1.602,2.355,0.792,3.968,3.895,3.385,4.416,3.473,3.268,3.496,3.122,3.268,3.589,3.496,8.201,4.121,4.705,4.121,5.84,3.74,7.528,9.363,9.894,6.134,4.547,3.192,6.541,6.061,2.148,4.632,3.886,4.339,4.208,5.389,5.107,3.675,7.439,7.007,10.699,0,2.395,7.987,1.827,3.349,10.582,4.584,6.769
97,1.939,0.579,0.841,1.412,0.265,0.846,2.794,0.396,1.68,0.396,0.331,0.396,0.331,0.265,0.396,3.139,0.238,0.15,0.15,0.396,0.15,1.543,0.396,1.908,1.908,0.396,0.265,0.418,0.396,1.543,1.47,0.579,0.396,0.265,0.989,0.15,0.265,2.091,0.265,0.265,0.396,0.265,0.317,1.844,0.396,2.328,2.249,1.728,0.515,2.213,0.581,0.331,1.565,1.794,1.855,2.487,2.902,1.756,1.756,1.656,1.656,3.04,3.109,1.886,1.756,3.177,1.656,3.359,3.359,3.002,1.786,1.847,1.529,1.728,0.289,1.529,1.969,1.728,1.035,0.265,0.622,0.265,2.202,0.199,0.499,2.274,2.103,0.317,0.265,0.67,2.194,1.463,2.444,0.8,0.989,0.67,0.761,0.265,0.579,0.2,1.412,0.396,3.542,2.395,0,1.921,0.265,0.158,2.274,3.17,1.147
98,5.608,4.06,2.135,4.561,3.516,4.571,1.393,4.06,5.377,4.06,3.598,2.913,3.547,2.268,4.999,2.074,2.365,1.802,1.894,3.524,1.725,6.292,3.914,5.535,4.401,4.938,2.146,2.166,4.963,4.67,2.733,3.231,5.206,3.19,4.459,1.725,1.677,4.425,2.044,3.394,2.913,2.319,2.548,1.701,4.06,4.476,4.317,2.997,1.717,4.049,2.997,3.445,2.288,3.374,3.262,5.523,1.829,0.244,0.244,0.204,0.204,1.5,1.626,1.61,0.682,1.61,0.204,1.999,1.939,2.36,3.879,2.878,2.844,2.997,2.802,2.844,2.927,2.997,5.73,2.482,3.761,2.421,3.914,2.207,5.255,6.792,7.5,5.048,3.639,1.986,5.243,4.987,1.817,3.843,3.364,3.132,3.059,4.561,3.962,3.064,6.753,5.963,8.146,7.987,1.921,0,1.121,1.768,7.999,3.832,6.223
99,2.761,1.681,0.917,1.223,1.274,1.733,0.116,1.523,1.827,1.523,1.305,1.523,1.152,1.223,1.681,0.265,1.157,0.578,0.786,1.535,0.578,1.827,1.681,1.568,1.766,1.377,0.897,0.897,1.827,1.535,0.3,1.096,1.827,1.152,0.55,0.578,0.734,1.827,1.152,1.152,1.523,1.172,1.523,0.2,1.827,0.597,0.317,0.397,0.367,0.183,0.397,1.152,1.019,0.927,0.917,1.827,0.682,0,0.122,0,0,0.244,0.038,0.153,0.743,0.305,0.255,0.305,0.305,1.213,0.305,0.305,0.448,0.601,0.393,0.448,0.305,0.601,3.096,2.242,1.325,1.019,2.044,1.962,1.669,1.827,1.523,1.669,1.396,1.827,1.669,1.669,0.67,1.142,0.397,1.827,1.681,1.274,1.827,0.963,1.172,1.681,3.096,1.827,0.265,1.121,0,0.499,1.827,1.019,0.744
100,3.222,2.202,1.725,1.762,1.951,2.68,0.083,0.837,2.293,0.837,0.734,0.837,0.548,0.615,2.111,1.686,2.06,0.295,0.378,0.692,0.18,2.111,2.202,1.984,3.262,1.802,0.469,1.463,1.838,0.692,0.18,0.692,2.202,0.499,1.722,0.18,0.463,1.056,0.499,0.804,0.837,0.655,0.87,0.12,1.056,1.518,1.336,0.238,0.231,1.278,0.238,0.396,0.317,0.426,0.347,0.692,0.175,0,0.087,0,0,0.175,0,0.224,0.218,0.218,0.183,1.729,1.638,0.384,0.218,0.4,0.146,0.384,0.083,0.146,0.4,0.384,3.44,1.844,1.951,1.844,1.844,1.765,3.345,3.349,3.163,2.108,0.804,1.056,0.597,0.87,0.18,0.469,0.542,1.056,2.202,1.798,0.692,0.378,1.573,1.838,3.44,3.349,0.158,1.768,0.499,0,3.44,0.545,1.329
101,7.666,5.253,2.88,5.359,5.572,6.161,1.672,4.932,6.665,4.932,4.425,3.786,4.166,3.065,6.134,3.655,4.405,2.125,2.401,4.496,2.01,7.499,6.225,6.429,6.647,5.679,2.639,2.633,6.079,5.642,2.908,4.015,6.443,3.938,5.103,2.01,2.182,6.924,2.791,4.243,3.786,3.081,3.604,3.09,5.296,5.082,4.7,3.253,2.03,4.532,3.253,4.014,2.816,3.999,3.984,6.865,2.53,0.437,0.582,0.365,0.365,2.006,1.805,2.028,1.456,2.21,0.67,3.895,3.804,3.263,4.372,4.598,3.268,3.496,3.122,3.268,3.538,3.496,9.352,4.197,4.718,4.197,5.819,3.816,7.619,9.348,9.861,6.207,4.608,4.412,6.454,6.116,2.148,5.736,3.85,5.559,4.281,5.42,5.107,3.675,7.439,7.007,11.82,10.582,2.274,7.999,1.827,3.44,0,4.556,6.769
102,3.19,1.705,1.029,2.242,1.172,1.113,2.617,2.852,4.154,2.852,2.413,2.852,2.375,2.242,2.66,3.239,2.289,1.782,1.875,2.377,0.578,3.953,2.706,3.145,3.145,1.468,0.973,1.019,1.523,2.377,1.586,0.938,2.852,0.897,1.063,0.578,0.53,4.401,0.897,2.196,2.852,2.281,2.502,1.763,2.852,2.28,2.121,1.85,0.571,1.878,0.703,1.152,2.288,2.227,2.217,3.327,3.097,1.512,1.512,1.452,1.452,2.768,2.844,1.693,1.951,2.878,1.452,3.207,3.161,3.608,1.622,1.75,1.697,1.85,0.509,1.697,1.823,1.85,2.19,1.21,1.417,1.21,2.785,0.956,1.739,4.511,4.087,1.547,1.294,1.925,3.023,2.648,2.964,2.732,1.101,1.925,1.852,1.096,1.669,0.77,3.313,2.523,5.776,4.584,3.17,3.832,1.019,0.545,4.556,0,2.783
104,4.171,3.183,1.401,4.133,3.037,3.685,1.262,3.024,4.476,3.024,2.935,1.878,2.783,1.84,4.329,1.147,1.829,1.424,1.632,3.036,1.424,5.622,3.183,4.171,3.207,4.025,1.514,1.514,4.476,4.183,2.293,2.598,4.476,2.915,3.593,1.424,1.351,3.329,1.768,2.915,1.878,1.789,2.036,1.147,3.329,3.562,3.44,2.293,1.249,3.623,2.293,2.783,1.636,2.691,2.813,4.476,1.829,0,0.122,0,0,1.39,1.147,1.3,0.743,1.451,0.255,1.451,1.451,1.962,3.745,2.598,2.742,2.497,2.686,2.742,2.598,2.497,4.476,1.636,3.037,1.636,2.66,1.514,4.476,5.622,6.623,4.476,3.16,1.035,4.476,4.476,1.517,2.905,2.293,2.182,2.036,4.184,3.329,2.856,6.376,5.476,6.769,6.769,1.147,6.223,0.744,1.329,6.769,2.783,0
